benchmark,answer,wall_seconds,DefaultModel::ee::constantTermsCount,DefaultModel::ee::functionTermsCount,DefaultModel::ee::mergesCount,DefaultModel::ee::termsCount,Instantiate::Duplicate_Inst,Instantiate::Duplicate_Inst_Entailed,Instantiate::Duplicate_Inst_Eq,Instantiate::Instantiations_Total,JustifyStrategy::MaxAssertionsSize,JustifyStrategy::MaxSkolemDefsSize,JustifyStrategy::MaxStackSize,JustifyStrategy::StatusBacktrack,JustifyStrategy::StatusDecision,JustifyStrategy::StatusNoDecision,JustifyStrategy::getNextTime,LearnedRewrite::lrewCount,Normalize::pass_time,QuantConflictFind::Entailment_Checks,QuantConflictFind::Inst_Rounds,QuantifiersEngine::Num_Quantifiers,QuantifiersEngine::Reductions_Alpha_Equivalence,QuantifiersEngine::Rounds_Instantiation_Full,QuantifiersEngine::Rounds_Instantiation_Last_Call,QuantifiersEngine::Triggers,QuantifiersEngine::Triggers_Multi,QuantifiersEngine::Triggers_Simple,TheoryEngine::Checks_Full,TheoryEngine::Checks_Last_Call,TheoryEngine::Checks_Standard,TheoryEngine::combineTheoriesCalls,TheoryEngine::combineTheoriesTime,arith::ee::constantTermsCount,arith::ee::functionTermsCount,arith::ee::mergesCount,arith::ee::termsCount,cvc5::CONSTANT,cvc5::TERM,cvc5::VARIABLE,driver::filename,global::totalTime,nl::checkRuns,nl::mbrRuns,preprocessing::ackermann,preprocessing::apply-substs,preprocessing::bool-to-bv,preprocessing::bv-eager-atoms,preprocessing::bv-gauss,preprocessing::bv-intro-pow2,preprocessing::bv-to-bool,preprocessing::bv-to-int,preprocessing::ext-rew-pre,preprocessing::ff-bitsum,preprocessing::ff-disjunctive-bit,preprocessing::foreign-theory-rewrite,preprocessing::fun-def-fmf,preprocessing::global-negate,preprocessing::ho-elim,preprocessing::int-to-bv,preprocessing::ite-removal,preprocessing::ite-simp,preprocessing::learned-rewrite,preprocessing::miplib-trick,preprocessing::nl-ext-purify,preprocessing::non-clausal-simp,preprocessing::normalize,preprocessing::passes::BVToBool::NumAtomsLifted,preprocessing::passes::BVToBool::NumTermsForcedLifted,preprocessing::passes::BVToBool::NumTermsLifted,preprocessing::passes::BoolToBV::NumIteToBvite,preprocessing::passes::BoolToBV::NumTermsForcedLowered,preprocessing::passes::ITESimp::ArithSubstitutionsAdded,preprocessing::passes::MipLibTrick::numMiplibAssertionsRemoved,preprocessing::passes::NonClausalSimp::NumConstantProps,preprocessing::passes:BoolToBV::NumTermsLowered,preprocessing::pseudo-boolean-processor,preprocessing::quantifiers-preprocess,preprocessing::real-to-int,preprocessing::rewrite,preprocessing::sep-skolem-emp,preprocessing::sort-inference,preprocessing::static-learning,preprocessing::static-rewrite,preprocessing::strings-eager-pp,preprocessing::sygus-infer,preprocessing::synth-rr,preprocessing::theory-preprocess,preprocessing::unconstrained-simplifier,prop::CnfStream::cnfConversionTime,prop::CnfStream::numAtoms,prop::PropEngine::numInputAtoms,resource::resourceUnitsUsed,resource::spendResourceCalls,resource::steps::inference-id,resource::steps::resource,sat::clauses_literals,sat::conflicts,sat::decisions,sat::learnts_literals,sat::max_literals,sat::propagations,sat::rnd_decisions,sat::starts,sat::tot_literals,shared::ee::constantTermsCount,shared::ee::functionTermsCount,shared::ee::mergesCount,shared::ee::termsCount,smt::SolverEngine::checkModelTime,smt::SolverEngine::checkUnsatCoreTime,smt::SolverEngine::definitionExpansionTime,smt::SolverEngine::numAssertionsPostITERemoval,smt::SolverEngine::numAssertionsPreITERemoval,smt::SolverEngine::numConstantProps,smt::SolverEngine::processAssertionsTime,smt::SolverEngine::pushPopTime,smt::SolverEngine::simplifiedToFalse,smt::SolverEngine::solveTime,theory::QuantifiersEngine::time,theory::QuantifiersEngine::time_conflict_based_inst,theory::QuantifiersEngine::time_ematching,theory::arith::AssertLowerConflicts,theory::arith::AssertUpperConflicts,theory::arith::AuxiliaryVariables,theory::arith::DisequalityConflicts,theory::arith::DisequalitySplits,theory::arith::FC::Construction,theory::arith::FC::FoundSat,theory::arith::FC::FoundUnsat,theory::arith::FC::Missed,theory::arith::FC::Timer,theory::arith::FC::UpdateConflicts,theory::arith::FC::initialProcessTime,theory::arith::FC::lastPivots,theory::arith::FC::selectUpdateForDualLike,theory::arith::FC::selectUpdateForPrimal,theory::arith::SOIConfMin::num,theory::arith::SOIConflict::Minimization,theory::arith::SOIConstruction,theory::arith::SOIFoundSat,theory::arith::SOIFoundUnsat,theory::arith::SOIHasToBeMin,theory::arith::SOIMaybeNotMin,theory::arith::SOIMissed,theory::arith::SOITime,theory::arith::SOIUpdateConflicts,theory::arith::SOIinitialProcessTime,theory::arith::SOIlastPivots,theory::arith::SOIselectSOI,theory::arith::UserVariables,theory::arith::adjTime,theory::arith::attempt::conflicts,theory::arith::attempt::queueTime,theory::arith::attempt::searchTime,theory::arith::bound::boundComputations,theory::arith::bound::boundPropagations,theory::arith::bound::time,theory::arith::cd::unatePropagateCalls,theory::arith::cd::unatePropagateImplications,theory::arith::checkTime,theory::arith::computeCareGraphTime,theory::arith::conflicts,theory::arith::congruence::conflicts,theory::arith::congruence::equalsConstantCalls,theory::arith::congruence::propagateConstraints,theory::arith::congruence::propagations,theory::arith::congruence::watchedVariableIsNotZero,theory::arith::congruence::watchedVariableIsZero,theory::arith::congruence::watchedVariables,theory::arith::currSetToSmaller,theory::arith::dio::conflictCalls,theory::arith::dio::conflictTimer,theory::arith::dio::conflicts,theory::arith::dio::cutCalls,theory::arith::dio::cutTimer,theory::arith::dio::cuts,theory::arith::dual::UpdateConflicts,theory::arith::dual::findConflictOnTheQueueTime,theory::arith::dual::lastPivots,theory::arith::dual::recentViolationCatches,theory::arith::dual::searchTime,theory::arith::dual::simplexConflicts,theory::arith::externalBranchAndBounds,theory::arith::forcing::time,theory::arith::inferencesConflict,theory::arith::inferencesFact,theory::arith::inferencesLemma,theory::arith::initialTableauSize,theory::arith::iteConstantApplications,theory::arith::iteMinMaxApplications,theory::arith::lemmas,theory::arith::liastar::checkFullEffortTime,theory::arith::liastar::checkRuns,theory::arith::liastar::conesEmpty,theory::arith::liastar::conesNonempty,theory::arith::liastar::cvc5SubSolverTime,theory::arith::liastar::dimensionMax,theory::arith::liastar::disjunctsPrunedUnsat,theory::arith::liastar::distributeTime,theory::arith::liastar::dnfCalls,theory::arith::liastar::dnfDisjuncts,theory::arith::liastar::dnfDisjunctsMax,theory::arith::liastar::getConesTime,theory::arith::liastar::getLiaTime,theory::arith::liastar::getMatricesTime,theory::arith::liastar::hilbertBasisMax,theory::arith::liastar::hilbertBasisTotal,theory::arith::liastar::itesRemoved,theory::arith::liastar::modelValueChecks,theory::arith::liastar::modelValueSolved,theory::arith::liastar::modelValueTime,theory::arith::liastar::moduleGeneratorsMax,theory::arith::liastar::moduleGeneratorsTotal,theory::arith::liastar::normalizCalls,theory::arith::liastar::normalizComputeTime,theory::arith::liastar::normalizInputTime,theory::arith::liastar::normalizSubSolverTime,theory::arith::liastar::removeItesTime,theory::arith::liastar::removeNotTime,theory::arith::liastar::starContainsLiterals,theory::arith::liastar::starTermsReduced,theory::arith::liastar::subSolverCalls,theory::arith::liastar::subSolverSat,theory::arith::liastar::subSolverTime,theory::arith::liastar::subSolverUnknown,theory::arith::liastar::subSolverUnsat,theory::arith::liastar::toDnfTime,theory::arith::newPropTimer,theory::arith::pivotTime,theory::arith::pivots,theory::arith::pivots::sat,theory::arith::pivots::unknown,theory::arith::pivots::unsat,theory::arith::ppRewriteTimer,theory::arith::pqueue::enqueues,theory::arith::pqueue::enqueuesCollection,theory::arith::pqueue::enqueuesCollectionDuplicates,theory::arith::pqueue::enqueuesDiffMode,theory::arith::pqueue::enqueuesVarOrderMode,theory::arith::pqueue::enqueuesVarOrderModeDuplicates,theory::arith::preferPhase,theory::arith::presolveTime,theory::arith::propagations,theory::arith::restartTimer,theory::arith::simplifyTimer,theory::arith::smallerSetToCurr,theory::arith::staticLearningTimer,theory::arith::status::avgUnknownsInARow,theory::arith::status::commitsOnConflicts,theory::arith::status::maxUnknownsInARow,theory::arith::status::nontrivialSatChecks,theory::arith::status::revertsOnConflicts,theory::arith::status::unknowns,theory::arith::trustedConflicts,theory::arith::trustedLemmas,theory::arith::updates,theory::arith::weakening::attempts,theory::arith::weakening::success,theory::arith::weakening::time,theory::arith::weakening::total,theory::arith::z::approx::cuts::branch::attempted,theory::arith::z::approx::cuts::gmi::attempted,theory::arith::z::approx::cuts::mir::attempted,theory::arith::z::approx::cuts::proofs,theory::arith::z::approx::cuts::proofs::failed,theory::arith::z::approx::cuts::reconstructed,theory::arith::z::approx::cuts::reconstructed::failed,theory::arith::z::approx::exhausted::branches,theory::arith::z::approx::exhausted::exec,theory::arith::z::approx::exhausted::pivots,theory::arith::z::approx::external::branches,theory::arith::z::approx::external::calls,theory::arith::z::approx::external::cuts,theory::arith::z::approx::external::cuts::rejected,theory::arith::z::approx::inSolverInteger,theory::arith::z::approx::lp::timer,theory::arith::z::approx::mip::timer,theory::arith::z::approx::replay::cuts::rejected,theory::arith::z::approx::replay::log::timer,theory::arith::z::approx::replay::rec,theory::arith::z::approx::replay::rec::branch::closefailures,theory::arith::z::approx::replay::rec::branch::skips,theory::arith::z::approx::replay::rec::earlyexit,theory::arith::z::approx::replay::rec::escalation,theory::arith::z::approx::replay::rec::leaf::closefailures,theory::arith::z::approx::replay::simplex::timer,theory::arith::z::approxDisabled,theory::arith::z::arith::cuts::applyRowsDeleted,theory::arith::z::arith::paniclemmas,theory::arith::z::arith::relax::calls,theory::arith::z::arith::relax::exhausted,theory::arith::z::arith::relax::feasible::failures,theory::arith::z::arith::relax::feasible::res,theory::arith::z::arith::relax::infeasible,theory::arith::z::arith::relax::infeasible::failures,theory::arith::z::arith::relax::other,theory::arith::z::mip::branch::proof::failed,theory::arith::z::mip::proofs::attempted,theory::arith::z::mip::proofs::successful,theory::arith::z::replayAttemptFailed,theory::arith::z::solveInt::calls,theory::arith::z::solveInt::calls::standardEffort,theory::arith::z::solveInt::models::attempts,theory::arith::z::solveInt::timer,theory::arith::z::solveRealRelax::timer,theory::arith::zzz::solveInt::models::successful,theory::arrays::avgInStoresListLength,theory::arrays::avgIndexListLength,theory::arrays::avgStoresListLength,theory::arrays::callsMergeInfo,theory::arrays::conflicts,theory::arrays::ee::constantTermsCount,theory::arrays::ee::functionTermsCount,theory::arrays::ee::mergesCount,theory::arrays::ee::termsCount,theory::arrays::inferencesConflict,theory::arrays::inferencesFact,theory::arrays::inferencesLemma,theory::arrays::infoTableSize,theory::arrays::lemmas,theory::arrays::listsCount,theory::arrays::maxList,theory::arrays::mayEqual::constantTermsCount,theory::arrays::mayEqual::functionTermsCount,theory::arrays::mayEqual::mergesCount,theory::arrays::mayEqual::termsCount,theory::arrays::mergeInfoTimer,theory::arrays::pp::constantTermsCount,theory::arrays::pp::functionTermsCount,theory::arrays::pp::mergesCount,theory::arrays::pp::termsCount,theory::arrays::preferPhase,theory::arrays::propagations,theory::arrays::theory::arrays::checkTime,theory::arrays::theory::arrays::computeCareGraphTime,theory::arrays::trustedConflicts,theory::arrays::trustedLemmas,theory::bags::checkTime,theory::bags::computeCareGraphTime,theory::bags::conflicts,theory::bags::ee::constantTermsCount,theory::bags::ee::functionTermsCount,theory::bags::ee::mergesCount,theory::bags::ee::termsCount,theory::bags::inferencesConflict,theory::bags::inferencesFact,theory::bags::inferencesLemma,theory::bags::lemmas,theory::bags::preferPhase,theory::bags::propagations,theory::bags::rewrites,theory::bags::trustedConflicts,theory::bags::trustedLemmas,theory::bool::checkTime,theory::bool::computeCareGraphTime,theory::bool::conflicts,theory::bool::inferencesConflict,theory::bool::inferencesFact,theory::bool::inferencesLemma,theory::bool::lemmas,theory::bool::preferPhase,theory::bool::propagations,theory::bool::trustedConflicts,theory::bool::trustedLemmas,theory::builtin::checkTime,theory::builtin::computeCareGraphTime,theory::builtin::conflicts,theory::builtin::inferencesConflict,theory::builtin::inferencesFact,theory::builtin::inferencesLemma,theory::builtin::lemmas,theory::builtin::preferPhase,theory::builtin::propagations,theory::builtin::trustedConflicts,theory::builtin::trustedLemmas,theory::bv::BVSolverBitblast::CnfStream::cnfConversionTime,theory::bv::BVSolverBitblast::CnfStream::numAtoms,theory::bv::BVSolverBitblast::cadical::calls_to_solve,theory::bv::BVSolverBitblast::cadical::clauses,theory::bv::BVSolverBitblast::cadical::solve_time,theory::bv::BVSolverBitblast::cadical::variables,theory::bv::NumSolveSubstitutions,theory::bv::checkTime,theory::bv::computeCareGraphTime,theory::bv::conflicts,theory::bv::ee::constantTermsCount,theory::bv::ee::functionTermsCount,theory::bv::ee::mergesCount,theory::bv::ee::termsCount,theory::bv::inferencesConflict,theory::bv::inferencesFact,theory::bv::inferencesLemma,theory::bv::lemmas,theory::bv::preferPhase,theory::bv::propagations,theory::bv::trustedConflicts,theory::bv::trustedLemmas,theory::datatypes::checkTime,theory::datatypes::computeCareGraphTime,theory::datatypes::conflicts,theory::datatypes::ee::constantTermsCount,theory::datatypes::ee::functionTermsCount,theory::datatypes::ee::mergesCount,theory::datatypes::ee::termsCount,theory::datatypes::inferencesConflict,theory::datatypes::inferencesFact,theory::datatypes::inferencesLemma,theory::datatypes::lemmas,theory::datatypes::preferPhase,theory::datatypes::propagations,theory::datatypes::trustedConflicts,theory::datatypes::trustedLemmas,theory::ff::checkTime,theory::ff::computeCareGraphTime,theory::ff::conflicts,theory::ff::ee::constantTermsCount,theory::ff::ee::functionTermsCount,theory::ff::ee::mergesCount,theory::ff::ee::termsCount,theory::ff::inferencesConflict,theory::ff::inferencesFact,theory::ff::inferencesLemma,theory::ff::lemmas,theory::ff::model_construction_time,theory::ff::num_construction_errors,theory::ff::num_gb_runs,theory::ff::num_ideal_min_poly,theory::ff::num_ideal_pos_dim,theory::ff::num_trivial_unsat,theory::ff::preferPhase,theory::ff::propagations,theory::ff::time_gb_runs,theory::ff::trustedConflicts,theory::ff::trustedLemmas,theory::fp::checkTime,theory::fp::computeCareGraphTime,theory::fp::conflicts,theory::fp::ee::constantTermsCount,theory::fp::ee::functionTermsCount,theory::fp::ee::mergesCount,theory::fp::ee::termsCount,theory::fp::inferencesConflict,theory::fp::inferencesFact,theory::fp::inferencesLemma,theory::fp::lemmas,theory::fp::preferPhase,theory::fp::propagations,theory::fp::trustedConflicts,theory::fp::trustedLemmas,theory::master::constantTermsCount,theory::master::functionTermsCount,theory::master::mergesCount,theory::master::termsCount,theory::quantifiers::checkTime,theory::quantifiers::computeCareGraphTime,theory::quantifiers::conflicts,theory::quantifiers::inferencesConflict,theory::quantifiers::inferencesFact,theory::quantifiers::inferencesLemma,theory::quantifiers::lemmas,theory::quantifiers::preferPhase,theory::quantifiers::propagations,theory::quantifiers::trustedConflicts,theory::quantifiers::trustedLemmas,theory::sep::checkTime,theory::sep::computeCareGraphTime,theory::sep::conflicts,theory::sep::ee::constantTermsCount,theory::sep::ee::functionTermsCount,theory::sep::ee::mergesCount,theory::sep::ee::termsCount,theory::sep::inferencesConflict,theory::sep::inferencesFact,theory::sep::inferencesLemma,theory::sep::lemmas,theory::sep::preferPhase,theory::sep::propagations,theory::sep::trustedConflicts,theory::sep::trustedLemmas,theory::sets::checkTime,theory::sets::computeCareGraphTime,theory::sets::conflicts,theory::sets::ee::constantTermsCount,theory::sets::ee::functionTermsCount,theory::sets::ee::mergesCount,theory::sets::ee::termsCount,theory::sets::inferencesConflict,theory::sets::inferencesFact,theory::sets::inferencesLemma,theory::sets::lemmas,theory::sets::preferPhase,theory::sets::propagations,theory::sets::trustedConflicts,theory::sets::trustedLemmas,theory::shared_terms,theory::strings::cdSimplifications,theory::strings::checkRuns,theory::strings::checkTime,theory::strings::computeCareGraphTime,theory::strings::conflicts,theory::strings::conflictsEager,theory::strings::conflictsEqEngine,theory::strings::conflictsInfer,theory::strings::ee::constantTermsCount,theory::strings::ee::functionTermsCount,theory::strings::ee::mergesCount,theory::strings::ee::termsCount,theory::strings::inferencesConflict,theory::strings::inferencesFact,theory::strings::inferencesLemma,theory::strings::lemmas,theory::strings::preferPhase,theory::strings::propagations,theory::strings::reductions,theory::strings::regexpUnfoldingsNeg,theory::strings::regexpUnfoldingsPos,theory::strings::rewrites,theory::strings::strategyRuns,theory::strings::trustedConflicts,theory::strings::trustedLemmas,theory::uf::checkTime,theory::uf::computeCareGraphTime,theory::uf::conflicts,theory::uf::ee::constantTermsCount,theory::uf::ee::functionTermsCount,theory::uf::ee::mergesCount,theory::uf::ee::termsCount,theory::uf::inferencesConflict,theory::uf::inferencesFact,theory::uf::inferencesLemma,theory::uf::lemmas,theory::uf::preferPhase,theory::uf::propagations,theory::uf::symmetry_breaker::clauses,theory::uf::symmetry_breaker::permutationSetsConsidered,theory::uf::symmetry_breaker::permutationSetsInvariant,theory::uf::symmetry_breaker::timers::initNormalization,theory::uf::symmetry_breaker::timers::invariantByPermutations,theory::uf::symmetry_breaker::timers::selectTerms,theory::uf::symmetry_breaker::units,theory::uf::trustedConflicts,theory::uf::trustedLemmas
card/cvc5_bapa/fol_0000048.smt2,timeout,100.000,0,0,0,2,0,0,0,0,27,14,2,0,2,25,0,{  },0,0,0,0,0,0,0,0,0,0,1,0,59,0,0,0,21,83,90,{ integer type: 17 },"{ <unsupported>: 15, <unsupported>: 1, <unsupported>: 1, <unsupported>: 2, <unsupported>: 16, <unsupported>: 3, <unsupported>: 6, <unsupported>: 4, <unsupported>: 3, <unsupported>: 12, <unsupported>: 28, <unsupported>: 1, <unsupported>: 1 }",{ integer type: 15 },/Users/mahgoubyahia/fmcad26/benchmarks/card/cvc5_bapa/fol_0000048.smt2,100003,0,0,0,1,0,0,0,0,0,0,0,0,0,0,0,0,0,0,0,0,0,0,0,0,0,0,0,0,0,0,0,0,0,0,0,0,0,0,0,0,0,0,0,0,0,0,0,1,82,19,5454,5454,"{ ARITH_CONF_SIMPLEX: 14, ARITH_SPLIT_DEQ: 7, ARITH_UNATE: 1, ARITH_ROW_IMPL: 4, ARITH_LIA_STAR_NONNEGATIVE: 1, ARITH_LIA_STAR_SPLIT: 1 }","{ ArithPivotStep: 33, BvSatStep: 1, CnfStep: 85, DecisionStep: 35, LemmaStep: 17, PreprocessStep: 34, RewriteStep: 5102, SatConflictStep: 35, TheoryCheckStep: 82, TheoryFullCheckStep: 2 }",179,3,33,19,17,190,0,1,16,0,34,152,63,0,0,0,0,0,0,2,0,0,0,0,0,0,0,0,26,0,0,0,0,0,0,0,0,0,0,0,0,0,0,0,0,0,0,0,0,0,0,0,0,0,26,0,0,0,0,0,0,0,94,40,99993,0,14,0,37,0,0,23,24,20,0,0,0,0,0,0,0,0,0,0,14,0,0,0,0,{ ARITH_CONF_SIMPLEX: 14 },{  },"{ ARITH_SPLIT_DEQ: 7, ARITH_UNATE: 1, ARITH_ROW_IMPL: 4, ARITH_LIA_STAR_NONNEGATIVE: 1, ARITH_LIA_STAR_SPLIT: 1 }",22,0,0,14,99992,2,0,0,99368,0,99689,99990,0,0,0,0,0,0,0,0,19,1,0,0,0,0,0,0,0,0,0,0,2,0,225775,126085,99949,0,99689,99991,0,0,29,{  },{  },{  },0,0,0,0,0,0,0,0,0,30,0,0,0,0,0.0,9,0,59,0,0,0,0,53,14,12,0,13,0,0,0,0,0,0,0,0,0,0,0,0,0,0,0,0,0,0,0,0,0,0,0,0,0,0,0,0,0,0,0,0,0,0,0,0,0,0,0,0,0,0,0,0,0,0,0.0,0.0,0.0,0,0,0,0,0,2,{  },{  },{  },<unsupported>,0,0,0,0,0,0,2,0,0,0,0,2,0,0,0,0,0,0,0,0,0,0,0,0,2,{  },{  },{  },0,0,0,{  },0,0,0,0,0,{  },{  },{  },0,0,0,0,0,0,0,0,{  },{  },{  },0,0,96,0,0,0,0,1,0,0,2,0,0,0,0,0,0,0,2,{  },{  },{  },0,0,0,0,0,0,0,0,0,0,0,2,{  },{  },{  },0,0,0,0,0,0,0,0,0,0,0,2,{  },{  },{  },0,0,0,0,0,0,0,0,0,0,0,0,0,0,0,0,0,0,2,{  },{  },{  },0,0,0,0,0,0,21,83,90,0,0,0,{  },{  },{  },0,0,0,0,0,0,0,0,0,0,0,2,{  },{  },{  },0,0,0,0,0,0,0,0,0,0,0,2,{  },{  },{  },0,0,0,0,0,0,{  },0,0,0,0,0,0,0,0,0,0,2,{  },{  },{  },0,0,0,{  },{  },{  },{  },0,0,0,0,0,0,0,0,0,2,{  },{  },{  },0,0,0,0,0,0,0,0,0,0,0,0
card/cvc5_bapa/fol_0000049.smt2,timeout,100.000,0,0,0,2,0,0,0,0,26,14,2,0,2,24,0,{  },0,0,0,0,0,0,0,0,0,0,1,0,58,0,0,0,21,83,90,{ integer type: 17 },"{ <unsupported>: 15, <unsupported>: 1, <unsupported>: 1, <unsupported>: 2, <unsupported>: 16, <unsupported>: 3, <unsupported>: 5, <unsupported>: 5, <unsupported>: 3, <unsupported>: 12, <unsupported>: 28, <unsupported>: 1, <unsupported>: 1 }",{ integer type: 15 },/Users/mahgoubyahia/fmcad26/benchmarks/card/cvc5_bapa/fol_0000049.smt2,100001,0,0,0,0,0,0,0,0,0,0,0,0,0,0,0,0,0,0,0,0,0,0,0,0,0,0,0,0,0,0,0,0,0,0,0,0,0,0,0,0,0,0,0,0,0,0,0,0,80,19,5326,5326,"{ ARITH_CONF_SIMPLEX: 14, ARITH_SPLIT_DEQ: 6, ARITH_UNATE: 1, ARITH_ROW_IMPL: 4, ARITH_LIA_STAR_NONNEGATIVE: 1, ARITH_LIA_STAR_SPLIT: 1 }","{ ArithPivotStep: 32, BvSatStep: 1, CnfStep: 84, DecisionStep: 35, LemmaStep: 16, PreprocessStep: 34, RewriteStep: 4979, SatConflictStep: 35, TheoryCheckStep: 81, TheoryFullCheckStep: 2 }",175,3,33,19,17,189,0,1,16,0,34,152,63,0,0,0,0,0,0,0,0,0,0,0,0,0,0,0,26,0,0,0,0,0,0,0,0,0,0,0,0,0,0,0,0,0,0,0,0,0,0,0,0,0,26,0,0,0,0,0,0,0,94,39,99999,0,14,0,37,0,0,23,24,20,0,0,0,0,0,0,0,0,0,0,14,0,0,0,0,{ ARITH_CONF_SIMPLEX: 14 },{  },"{ ARITH_SPLIT_DEQ: 6, ARITH_UNATE: 1, ARITH_ROW_IMPL: 4, ARITH_LIA_STAR_NONNEGATIVE: 1, ARITH_LIA_STAR_SPLIT: 1 }",22,0,0,13,99998,2,0,0,99382,0,99689,99997,0,0,0,0,0,0,0,0,19,1,0,0,0,0,0,0,0,0,0,0,2,0,224210,124520,99950,0,99689,99998,0,0,28,{  },{  },{  },0,0,0,0,0,0,0,0,0,29,0,0,0,0,0.0,9,0,58,0,0,0,0,51,14,12,0,13,0,0,0,0,0,0,0,0,0,0,0,0,0,0,0,0,0,0,0,0,0,0,0,0,0,0,0,0,0,0,0,0,0,0,0,0,0,0,0,0,0,0,0,0,0,0,0.0,0.0,0.0,0,0,0,0,0,2,{  },{  },{  },<unsupported>,0,0,0,0,0,0,2,0,0,0,0,2,0,0,0,0,0,0,0,0,0,0,0,0,2,{  },{  },{  },0,0,0,{  },0,0,0,0,0,{  },{  },{  },0,0,0,0,0,0,0,0,{  },{  },{  },0,0,96,0,0,0,0,1,0,0,2,0,0,0,0,0,0,0,2,{  },{  },{  },0,0,0,0,0,0,0,0,0,0,0,2,{  },{  },{  },0,0,0,0,0,0,0,0,0,0,0,2,{  },{  },{  },0,0,0,0,0,0,0,0,0,0,0,0,0,0,0,0,0,0,2,{  },{  },{  },0,0,0,0,0,0,21,83,90,0,0,0,{  },{  },{  },0,0,0,0,0,0,0,0,0,0,0,2,{  },{  },{  },0,0,0,0,0,0,0,0,0,0,0,2,{  },{  },{  },0,0,0,0,0,0,{  },0,0,0,0,0,0,0,0,0,0,2,{  },{  },{  },0,0,0,{  },{  },{  },{  },0,0,0,0,0,0,0,0,0,2,{  },{  },{  },0,0,0,0,0,0,0,0,0,0,0,0
card/cvc5_bapa/fol_0000071.smt2,timeout,100.000,0,0,0,2,0,0,0,0,23,14,2,0,2,21,0,{  },0,0,0,0,0,0,0,0,0,0,1,0,57,0,0,0,15,78,86,{ integer type: 17 },"{ <unsupported>: 16, <unsupported>: 1, <unsupported>: 2, <unsupported>: 16, <unsupported>: 3, <unsupported>: 6, <unsupported>: 3, <unsupported>: 3, <unsupported>: 12, <unsupported>: 27, <unsupported>: 1, <unsupported>: 1 }",{ integer type: 15 },/Users/mahgoubyahia/fmcad26/benchmarks/card/cvc5_bapa/fol_0000071.smt2,100010,0,0,0,0,0,0,0,0,0,0,0,0,0,0,0,0,0,0,0,0,0,0,0,0,0,0,0,0,0,0,0,0,0,0,0,0,0,0,0,0,0,0,0,0,0,0,0,0,75,17,5204,5204,"{ ARITH_CONF_SIMPLEX: 11, ARITH_SPLIT_DEQ: 5, ARITH_UNATE: 1, ARITH_ROW_IMPL: 5, ARITH_LIA_STAR_NONNEGATIVE: 1, ARITH_LIA_STAR_SPLIT: 1 }","{ ArithPivotStep: 32, BvSatStep: 1, CnfStep: 79, DecisionStep: 35, LemmaStep: 16, PreprocessStep: 34, RewriteStep: 4865, SatConflictStep: 35, TheoryCheckStep: 81, TheoryFullCheckStep: 2 }",165,4,33,32,23,166,0,1,23,0,33,148,61,0,0,0,0,0,0,0,0,0,0,0,0,0,0,0,24,0,0,0,0,0,0,0,0,0,0,0,0,0,0,0,0,0,0,0,0,0,0,0,0,0,25,0,0,0,0,0,0,0,93,33,100009,0,11,0,38,0,0,17,24,19,0,0,0,0,0,0,0,0,0,0,11,0,0,0,0,{ ARITH_CONF_SIMPLEX: 11 },{  },"{ ARITH_SPLIT_DEQ: 5, ARITH_UNATE: 1, ARITH_ROW_IMPL: 5, ARITH_LIA_STAR_NONNEGATIVE: 1, ARITH_LIA_STAR_SPLIT: 1 }",18,0,0,13,100008,2,0,0,99382,0,78689,100007,0,0,0,0,0,0,0,0,19,1,0,0,0,0,0,0,0,0,0,0,2,0,223436,144746,99960,0,78689,100008,0,0,28,{  },{  },{  },0,0,0,0,0,0,0,0,0,23,0,0,0,0,0.0,10,0,57,0,0,0,0,51,11,10,0,10,0,0,0,0,0,0,0,0,0,0,0,0,0,0,0,0,0,0,0,0,0,0,0,0,0,0,0,0,0,0,0,0,0,0,0,0,0,0,0,0,0,0,0,0,0,0,0.0,0.0,0.0,0,0,0,0,0,2,{  },{  },{  },<unsupported>,0,0,0,0,0,0,2,0,0,0,0,2,0,0,0,0,0,0,0,0,0,0,0,0,2,{  },{  },{  },0,0,0,{  },0,0,0,0,0,{  },{  },{  },0,0,0,0,0,0,0,0,{  },{  },{  },0,0,92,0,0,0,0,1,0,0,2,0,0,0,0,0,0,0,2,{  },{  },{  },0,0,0,0,0,0,0,0,0,0,0,2,{  },{  },{  },0,0,0,0,0,0,0,0,0,0,0,2,{  },{  },{  },0,0,0,0,0,0,0,0,0,0,0,0,0,0,0,0,0,0,2,{  },{  },{  },0,0,0,0,0,0,15,78,86,0,0,0,{  },{  },{  },0,0,0,0,0,0,0,0,0,0,0,2,{  },{  },{  },0,0,0,0,0,0,0,0,0,0,0,2,{  },{  },{  },0,0,0,0,0,0,{  },0,0,0,0,0,0,0,0,0,0,2,{  },{  },{  },0,0,0,{  },{  },{  },{  },0,0,0,0,0,0,0,0,0,2,{  },{  },{  },0,0,0,0,0,0,0,0,0,0,0,0
card/cvc5_bapa/fol_0000072.smt2,timeout,100.000,0,0,0,2,0,0,0,0,21,14,2,0,1,20,0,{  },0,0,0,0,0,0,0,0,0,0,1,0,55,0,0,0,14,75,81,{ integer type: 17 },"{ <unsupported>: 16, <unsupported>: 1, <unsupported>: 2, <unsupported>: 16, <unsupported>: 3, <unsupported>: 5, <unsupported>: 4, <unsupported>: 3, <unsupported>: 12, <unsupported>: 27, <unsupported>: 1, <unsupported>: 1 }",{ integer type: 15 },/Users/mahgoubyahia/fmcad26/benchmarks/card/cvc5_bapa/fol_0000072.smt2,100010,0,0,0,0,0,0,0,0,0,0,0,0,0,0,0,0,0,0,0,0,0,0,0,0,0,0,0,0,0,0,0,0,0,0,0,0,0,0,0,0,0,0,0,0,0,0,0,0,75,17,5164,5164,"{ ARITH_CONF_SIMPLEX: 10, ARITH_SPLIT_DEQ: 5, ARITH_UNATE: 1, ARITH_ROW_IMPL: 4, ARITH_LIA_STAR_NONNEGATIVE: 1, ARITH_LIA_STAR_SPLIT: 1 }","{ ArithPivotStep: 26, BvSatStep: 1, CnfStep: 77, DecisionStep: 34, LemmaStep: 14, PreprocessStep: 34, RewriteStep: 4842, SatConflictStep: 34, TheoryCheckStep: 78, TheoryFullCheckStep: 2 }",152,3,32,23,17,162,0,1,17,0,33,144,61,0,0,0,0,0,0,0,0,0,0,0,0,0,0,0,24,0,0,0,0,0,0,0,0,0,0,0,0,0,0,0,0,0,0,0,0,0,0,0,0,0,25,0,0,0,0,0,0,0,91,34,100009,0,10,0,38,0,0,16,22,19,0,0,0,0,0,0,0,0,0,0,10,0,0,0,0,{ ARITH_CONF_SIMPLEX: 10 },{  },"{ ARITH_SPLIT_DEQ: 5, ARITH_UNATE: 1, ARITH_ROW_IMPL: 4, ARITH_LIA_STAR_NONNEGATIVE: 1, ARITH_LIA_STAR_SPLIT: 1 }",18,0,0,12,100008,2,0,0,99388,0,99689,100007,0,0,0,0,0,0,0,0,19,1,0,0,0,0,0,0,0,0,0,0,2,0,224190,124500,99963,0,99689,100008,0,0,22,{  },{  },{  },0,0,0,0,0,0,0,0,0,23,0,0,0,0,0.0,9,0,55,0,0,0,0,43,10,9,0,9,0,0,0,0,0,0,0,0,0,0,0,0,0,0,0,0,0,0,0,0,0,0,0,0,0,0,0,0,0,0,0,0,0,0,0,0,0,0,0,0,0,0,0,0,0,0,0.0,0.0,0.0,0,0,0,0,0,2,{  },{  },{  },<unsupported>,0,0,0,0,0,0,2,0,0,0,0,2,0,0,0,0,0,0,0,0,0,0,0,0,2,{  },{  },{  },0,0,0,{  },0,0,0,0,0,{  },{  },{  },0,0,0,0,0,0,0,0,{  },{  },{  },0,0,90,0,0,0,0,1,0,0,2,0,0,0,0,0,0,0,2,{  },{  },{  },0,0,0,0,0,0,0,0,0,0,0,2,{  },{  },{  },0,0,0,0,0,0,0,0,0,0,0,2,{  },{  },{  },0,0,0,0,0,0,0,0,0,0,0,0,0,0,0,0,0,0,2,{  },{  },{  },0,0,0,0,0,0,14,75,81,0,0,0,{  },{  },{  },0,0,0,0,0,0,0,0,0,0,0,2,{  },{  },{  },0,0,0,0,0,0,0,0,0,0,0,2,{  },{  },{  },0,0,0,0,0,0,{  },0,0,0,0,0,0,0,0,0,0,2,{  },{  },{  },0,0,0,{  },{  },{  },{  },0,0,0,0,0,0,0,0,0,2,{  },{  },{  },0,0,0,0,0,0,0,0,0,0,0,0
card/cvc5_bapa/fol_0000096.smt2,timeout,100.000,0,0,0,2,0,0,0,0,21,14,2,0,1,20,0,{  },0,0,0,0,0,0,0,0,0,0,1,0,55,0,0,0,14,75,81,{ integer type: 17 },"{ <unsupported>: 16, <unsupported>: 1, <unsupported>: 2, <unsupported>: 16, <unsupported>: 1, <unsupported>: 5, <unsupported>: 3, <unsupported>: 12, <unsupported>: 27, <unsupported>: 1, <unsupported>: 1 }",{ integer type: 15 },/Users/mahgoubyahia/fmcad26/benchmarks/card/cvc5_bapa/fol_0000096.smt2,100010,0,0,0,0,0,0,0,0,0,0,0,0,0,0,0,0,0,0,0,0,0,0,0,0,0,0,0,0,0,0,0,0,0,0,0,0,0,0,0,0,0,0,0,0,0,0,0,0,75,17,5039,5039,"{ ARITH_CONF_SIMPLEX: 10, ARITH_SPLIT_DEQ: 5, ARITH_UNATE: 1, ARITH_ROW_IMPL: 4, ARITH_LIA_STAR_NONNEGATIVE: 1, ARITH_LIA_STAR_SPLIT: 1 }","{ ArithPivotStep: 26, BvSatStep: 1, CnfStep: 77, DecisionStep: 34, LemmaStep: 14, PreprocessStep: 34, RewriteStep: 4717, SatConflictStep: 34, TheoryCheckStep: 78, TheoryFullCheckStep: 2 }",152,3,32,23,17,162,0,1,17,0,33,144,61,0,0,0,0,0,0,0,0,0,0,0,0,0,0,0,24,0,0,0,0,0,0,0,0,0,0,0,0,0,0,0,0,0,0,0,0,0,0,0,0,0,25,0,0,0,0,0,0,0,91,34,100009,0,10,0,38,0,0,16,22,19,0,0,0,0,0,0,0,0,0,0,10,0,0,0,0,{ ARITH_CONF_SIMPLEX: 10 },{  },"{ ARITH_SPLIT_DEQ: 5, ARITH_UNATE: 1, ARITH_ROW_IMPL: 4, ARITH_LIA_STAR_NONNEGATIVE: 1, ARITH_LIA_STAR_SPLIT: 1 }",18,0,0,12,100008,2,0,0,99390,0,99689,100007,0,0,0,0,0,0,0,0,19,1,0,0,0,0,0,0,0,0,0,0,2,0,222797,123107,99960,0,99689,100008,0,0,22,{  },{  },{  },0,0,0,0,0,0,0,0,0,23,0,0,0,0,0.0,9,0,55,0,0,0,0,43,10,9,0,9,0,0,0,0,0,0,0,0,0,0,0,0,0,0,0,0,0,0,0,0,0,0,0,0,0,0,0,0,0,0,0,0,0,0,0,0,0,0,0,0,0,0,0,0,0,0,0.0,0.0,0.0,0,0,0,0,0,2,{  },{  },{  },<unsupported>,0,0,0,0,0,0,2,0,0,0,0,2,0,0,0,0,0,0,0,0,0,0,0,0,2,{  },{  },{  },0,0,0,{  },0,0,0,0,0,{  },{  },{  },0,0,0,0,0,0,0,0,{  },{  },{  },0,0,90,0,0,0,0,1,0,0,2,0,0,0,0,0,0,0,2,{  },{  },{  },0,0,0,0,0,0,0,0,0,0,0,2,{  },{  },{  },0,0,0,0,0,0,0,0,0,0,0,2,{  },{  },{  },0,0,0,0,0,0,0,0,0,0,0,0,0,0,0,0,0,0,2,{  },{  },{  },0,0,0,0,0,0,14,75,81,0,0,0,{  },{  },{  },0,0,0,0,0,0,0,0,0,0,0,2,{  },{  },{  },0,0,0,0,0,0,0,0,0,0,0,2,{  },{  },{  },0,0,0,0,0,0,{  },0,0,0,0,0,0,0,0,0,0,2,{  },{  },{  },0,0,0,{  },{  },{  },{  },0,0,0,0,0,0,0,0,0,2,{  },{  },{  },0,0,0,0,0,0,0,0,0,0,0,0
card/cvc5_bapa/fol_0000097.smt2,timeout,100.000,0,0,0,2,0,0,0,0,21,14,2,0,1,20,0,{  },0,0,0,0,0,0,0,0,0,0,1,0,55,0,0,0,14,75,81,{ integer type: 17 },"{ <unsupported>: 16, <unsupported>: 1, <unsupported>: 2, <unsupported>: 16, <unsupported>: 1, <unsupported>: 3, <unsupported>: 4, <unsupported>: 3, <unsupported>: 12, <unsupported>: 27, <unsupported>: 1, <unsupported>: 1 }",{ integer type: 15 },/Users/mahgoubyahia/fmcad26/benchmarks/card/cvc5_bapa/fol_0000097.smt2,100009,0,0,0,0,0,0,0,0,0,0,0,0,0,0,0,0,0,0,0,0,0,0,0,0,0,0,0,0,0,0,0,0,0,0,0,0,0,0,0,0,0,0,0,0,0,0,0,0,75,17,5076,5076,"{ ARITH_CONF_SIMPLEX: 10, ARITH_SPLIT_DEQ: 5, ARITH_UNATE: 1, ARITH_ROW_IMPL: 4, ARITH_LIA_STAR_NONNEGATIVE: 1, ARITH_LIA_STAR_SPLIT: 1 }","{ ArithPivotStep: 26, BvSatStep: 1, CnfStep: 77, DecisionStep: 34, LemmaStep: 14, PreprocessStep: 34, RewriteStep: 4754, SatConflictStep: 34, TheoryCheckStep: 78, TheoryFullCheckStep: 2 }",152,3,32,23,17,162,0,1,17,0,33,144,61,0,0,0,0,0,0,0,0,0,0,0,0,0,0,0,24,0,0,0,0,0,0,0,0,0,0,0,0,0,0,0,0,0,0,0,0,0,0,0,0,0,25,0,0,0,0,0,0,0,91,34,100007,0,10,0,38,0,0,16,22,19,0,0,0,0,0,0,0,0,0,0,10,0,0,0,0,{ ARITH_CONF_SIMPLEX: 10 },{  },"{ ARITH_SPLIT_DEQ: 5, ARITH_UNATE: 1, ARITH_ROW_IMPL: 4, ARITH_LIA_STAR_NONNEGATIVE: 1, ARITH_LIA_STAR_SPLIT: 1 }",18,0,0,12,100007,2,0,0,99363,0,99689,100006,0,0,0,0,0,0,0,0,19,1,0,0,0,0,0,0,0,0,0,0,2,0,221719,122029,99963,0,99689,100006,0,0,22,{  },{  },{  },0,0,0,0,0,0,0,0,0,23,0,0,0,0,0.0,9,0,55,0,0,0,0,43,10,9,0,9,0,0,0,0,0,0,0,0,0,0,0,0,0,0,0,0,0,0,0,0,0,0,0,0,0,0,0,0,0,0,0,0,0,0,0,0,0,0,0,0,0,0,0,0,0,0,0.0,0.0,0.0,0,0,0,0,0,2,{  },{  },{  },<unsupported>,0,0,0,0,0,0,2,0,0,0,0,2,0,0,0,0,0,0,0,0,0,0,0,0,2,{  },{  },{  },0,0,0,{  },0,0,0,0,0,{  },{  },{  },0,0,0,0,0,0,0,0,{  },{  },{  },0,0,90,0,0,0,0,1,0,0,2,0,0,0,0,0,0,0,2,{  },{  },{  },0,0,0,0,0,0,0,0,0,0,0,2,{  },{  },{  },0,0,0,0,0,0,0,0,0,0,0,2,{  },{  },{  },0,0,0,0,0,0,0,0,0,0,0,0,0,0,0,0,0,0,2,{  },{  },{  },0,0,0,0,0,0,14,75,81,0,0,0,{  },{  },{  },0,0,0,0,0,0,0,0,0,0,0,2,{  },{  },{  },0,0,0,0,0,0,0,0,0,0,0,2,{  },{  },{  },0,0,0,0,0,0,{  },0,0,0,0,0,0,0,0,0,0,2,{  },{  },{  },0,0,0,{  },{  },{  },{  },0,0,0,0,0,0,0,0,0,2,{  },{  },{  },0,0,0,0,0,0,0,0,0,0,0,0
card/cvc5_bapa/fol_0000098.smt2,timeout,100.000,0,0,0,2,0,0,0,0,28,17,2,0,2,26,0,{  },0,0,0,0,0,0,0,0,0,0,1,0,72,0,0,0,21,101,111,{ integer type: 20 },"{ <unsupported>: 19, <unsupported>: 1, <unsupported>: 2, <unsupported>: 20, <unsupported>: 2, <unsupported>: 5, <unsupported>: 4, <unsupported>: 3, <unsupported>: 14, <unsupported>: 34, <unsupported>: 1, <unsupported>: 1 }",{ integer type: 18 },/Users/mahgoubyahia/fmcad26/benchmarks/card/cvc5_bapa/fol_0000098.smt2,100007,0,0,0,0,0,0,0,0,0,0,0,0,0,0,0,0,0,0,0,0,0,0,0,0,0,0,0,0,0,0,0,0,0,0,0,0,0,0,0,0,0,0,0,0,0,0,0,0,92,20,6561,6561,"{ ARITH_CONF_SIMPLEX: 14, ARITH_SPLIT_DEQ: 7, ARITH_UNATE: 1, ARITH_ROW_IMPL: 5, ARITH_LIA_STAR_NONNEGATIVE: 1, ARITH_LIA_STAR_SPLIT: 1 }","{ ArithPivotStep: 41, BvSatStep: 1, CnfStep: 94, DecisionStep: 45, LemmaStep: 19, PreprocessStep: 39, RewriteStep: 6147, SatConflictStep: 45, TheoryCheckStep: 99, TheoryFullCheckStep: 2 }",204,6,43,50,39,212,0,1,38,0,40,192,73,0,0,0,0,0,0,0,0,0,0,0,0,0,0,0,30,0,0,0,0,0,0,0,0,0,0,0,0,0,0,0,0,0,0,0,0,0,0,0,0,0,30,0,0,0,0,0,0,0,118,42,100005,0,14,0,48,0,0,23,31,24,0,0,0,0,0,0,0,0,0,0,14,0,0,0,0,{ ARITH_CONF_SIMPLEX: 14 },{  },"{ ARITH_SPLIT_DEQ: 7, ARITH_UNATE: 1, ARITH_ROW_IMPL: 5, ARITH_LIA_STAR_NONNEGATIVE: 1, ARITH_LIA_STAR_SPLIT: 1 }",22,0,0,15,100004,2,0,0,99285,0,148600,100003,0,0,0,0,0,0,0,0,29,1,0,0,0,0,0,0,0,0,0,0,2,0,248432,99831,99947,0,148600,100004,0,0,36,{  },{  },{  },0,0,0,0,0,0,0,0,0,29,0,0,0,0,0.0,13,0,72,0,0,0,0,63,14,13,0,13,0,0,0,0,0,0,0,0,0,0,0,0,0,0,0,0,0,0,0,0,0,0,0,0,0,0,0,0,0,0,0,0,0,0,0,0,0,0,0,0,0,0,0,0,0,0,0.0,0.0,0.0,0,0,0,0,0,2,{  },{  },{  },<unsupported>,0,0,0,0,0,0,2,0,0,0,0,2,0,0,0,0,0,0,0,0,0,0,0,0,2,{  },{  },{  },0,0,0,{  },0,0,0,0,0,{  },{  },{  },0,0,0,0,0,0,0,0,{  },{  },{  },0,0,120,0,0,0,0,1,0,0,2,0,0,0,0,0,0,0,2,{  },{  },{  },0,0,0,0,0,0,0,0,0,0,0,2,{  },{  },{  },0,0,0,0,0,0,0,0,0,0,0,2,{  },{  },{  },0,0,0,0,0,0,0,0,0,0,0,0,0,0,0,0,0,0,2,{  },{  },{  },0,0,0,0,0,0,21,101,111,0,0,0,{  },{  },{  },0,0,0,0,0,0,0,0,0,0,0,2,{  },{  },{  },0,0,0,0,0,0,0,0,0,0,0,2,{  },{  },{  },0,0,0,0,0,0,{  },0,0,0,0,0,0,0,0,0,0,2,{  },{  },{  },0,0,0,{  },{  },{  },{  },0,0,0,0,0,0,0,0,0,2,{  },{  },{  },0,0,0,0,0,0,0,0,0,0,0,0
card/cvc5_bapa/fol_0000099.smt2,timeout,100.000,0,0,0,2,0,0,0,0,31,20,2,0,3,28,0,{  },0,0,0,0,0,0,0,0,0,0,1,0,91,0,0,0,27,126,136,{ integer type: 23 },"{ <unsupported>: 22, <unsupported>: 1, <unsupported>: 2, <unsupported>: 23, <unsupported>: 3, <unsupported>: 7, <unsupported>: 4, <unsupported>: 3, <unsupported>: 16, <unsupported>: 40, <unsupported>: 1, <unsupported>: 1 }",{ integer type: 21 },/Users/mahgoubyahia/fmcad26/benchmarks/card/cvc5_bapa/fol_0000099.smt2,100010,0,0,0,0,0,0,0,0,0,0,0,0,0,0,0,0,0,0,0,0,0,0,0,0,0,0,0,0,0,0,0,0,0,0,0,0,0,0,0,0,0,0,0,0,0,0,0,0,105,23,8048,8048,"{ ARITH_CONF_SIMPLEX: 17, ARITH_SPLIT_DEQ: 7, ARITH_UNATE: 1, ARITH_ROW_IMPL: 5, ARITH_LIA_STAR_NONNEGATIVE: 1, ARITH_LIA_STAR_SPLIT: 1 }","{ ArithPivotStep: 51, BvSatStep: 1, CnfStep: 107, DecisionStep: 57, LemmaStep: 22, PreprocessStep: 44, RewriteStep: 7554, SatConflictStep: 57, TheoryCheckStep: 121, TheoryFullCheckStep: 2 }",245,8,55,71,59,261,0,1,56,0,47,241,85,0,0,0,0,0,0,0,0,0,0,0,0,0,0,0,36,0,0,0,0,0,0,0,0,0,0,0,0,0,0,0,0,0,0,0,0,0,0,0,0,0,35,0,0,0,0,0,0,0,146,51,100008,0,17,0,59,0,0,29,39,29,0,0,0,0,0,0,0,0,0,0,17,0,0,0,0,{ ARITH_CONF_SIMPLEX: 17 },{  },"{ ARITH_SPLIT_DEQ: 7, ARITH_UNATE: 1, ARITH_ROW_IMPL: 5, ARITH_LIA_STAR_NONNEGATIVE: 1, ARITH_LIA_STAR_SPLIT: 1 }",26,0,0,15,100006,2,0,0,99286,0,143380,100002,0,0,0,0,0,0,0,0,47,1,0,0,0,0,0,0,0,0,0,3,2,0,237165,93784,99951,0,143380,100006,0,0,45,{  },{  },{  },0,0,0,0,0,0,0,0,0,35,0,0,0,0,0.0,16,0,91,0,0,0,0,80,17,16,0,16,0,0,0,0,0,0,0,0,0,0,0,0,0,0,0,0,0,0,0,0,0,0,0,0,0,0,0,0,0,0,0,0,0,0,0,0,0,0,0,0,0,0,0,0,0,0,0.0,0.0,0.0,0,0,0,0,0,2,{  },{  },{  },<unsupported>,0,0,0,0,0,0,2,0,0,0,0,2,0,0,0,0,0,0,0,0,0,0,0,0,2,{  },{  },{  },0,0,0,{  },0,0,0,0,0,{  },{  },{  },0,0,0,0,0,0,0,0,{  },{  },{  },0,0,151,0,0,0,0,1,0,0,2,0,0,0,0,0,0,0,2,{  },{  },{  },0,0,0,0,0,0,0,0,0,0,0,2,{  },{  },{  },0,0,0,0,0,0,0,0,0,0,0,2,{  },{  },{  },0,0,0,0,0,0,0,0,0,0,0,0,0,0,0,0,0,0,2,{  },{  },{  },0,0,0,0,0,0,27,126,136,0,0,0,{  },{  },{  },0,0,0,0,0,0,0,0,0,0,0,2,{  },{  },{  },0,0,0,0,0,0,0,0,0,0,0,2,{  },{  },{  },0,0,0,0,0,0,{  },0,0,0,0,0,0,0,0,0,0,2,{  },{  },{  },0,0,0,{  },{  },{  },{  },0,0,0,0,0,0,0,0,0,2,{  },{  },{  },0,0,0,0,0,0,0,0,0,0,0,0
card/cvc5_bapa/fol_0000100.smt2,timeout,100.000,0,0,0,2,0,0,0,0,31,20,2,0,3,28,0,{  },0,0,0,0,0,0,0,0,0,0,1,0,91,0,0,0,27,126,136,{ integer type: 23 },"{ <unsupported>: 22, <unsupported>: 1, <unsupported>: 2, <unsupported>: 23, <unsupported>: 3, <unsupported>: 6, <unsupported>: 5, <unsupported>: 3, <unsupported>: 16, <unsupported>: 40, <unsupported>: 1, <unsupported>: 1 }",{ integer type: 21 },/Users/mahgoubyahia/fmcad26/benchmarks/card/cvc5_bapa/fol_0000100.smt2,100010,0,0,0,0,0,0,0,0,0,0,0,0,0,0,0,0,0,0,0,0,0,0,0,0,0,0,0,0,0,0,0,0,0,0,0,0,0,0,0,0,0,0,0,0,0,0,0,0,105,23,7823,7823,"{ ARITH_CONF_SIMPLEX: 17, ARITH_SPLIT_DEQ: 7, ARITH_UNATE: 1, ARITH_ROW_IMPL: 5, ARITH_LIA_STAR_NONNEGATIVE: 1, ARITH_LIA_STAR_SPLIT: 1 }","{ ArithPivotStep: 51, BvSatStep: 1, CnfStep: 107, DecisionStep: 57, LemmaStep: 22, PreprocessStep: 44, RewriteStep: 7329, SatConflictStep: 57, TheoryCheckStep: 121, TheoryFullCheckStep: 2 }",245,8,55,71,59,261,0,1,56,0,47,241,85,0,0,0,0,0,0,0,0,0,0,0,0,0,0,0,36,0,0,0,0,0,0,0,0,0,0,0,0,0,0,0,0,0,0,0,0,0,0,0,0,0,35,0,0,0,0,0,0,0,146,51,100008,0,17,0,59,0,0,29,39,29,0,0,0,0,0,0,0,0,0,0,17,0,0,0,0,{ ARITH_CONF_SIMPLEX: 17 },{  },"{ ARITH_SPLIT_DEQ: 7, ARITH_UNATE: 1, ARITH_ROW_IMPL: 5, ARITH_LIA_STAR_NONNEGATIVE: 1, ARITH_LIA_STAR_SPLIT: 1 }",26,0,0,15,100007,2,0,0,99321,0,148106,100002,0,0,0,0,0,0,0,0,47,1,0,0,0,0,0,0,0,0,0,2,2,0,241891,93784,99951,0,148106,100006,0,0,45,{  },{  },{  },0,0,0,0,0,0,0,0,0,35,0,0,0,0,0.0,16,0,91,0,0,0,0,80,17,16,0,16,0,0,0,0,0,0,0,0,0,0,0,0,0,0,0,0,0,0,0,0,0,0,0,0,0,0,0,0,0,0,0,0,0,0,0,0,0,0,0,0,0,0,0,0,0,0,0.0,0.0,0.0,0,0,0,0,0,2,{  },{  },{  },<unsupported>,0,0,0,0,0,0,2,0,0,0,0,2,0,0,0,0,0,0,0,0,0,0,0,0,2,{  },{  },{  },0,0,0,{  },0,0,0,0,0,{  },{  },{  },0,0,0,0,0,0,0,0,{  },{  },{  },0,0,151,0,0,0,0,1,0,0,2,0,0,0,0,0,0,0,2,{  },{  },{  },0,0,0,0,0,0,0,0,0,0,0,2,{  },{  },{  },0,0,0,0,0,0,0,0,0,0,0,2,{  },{  },{  },0,0,0,0,0,0,0,0,0,0,0,0,0,0,0,0,0,0,2,{  },{  },{  },0,0,0,0,0,0,27,126,136,0,0,0,{  },{  },{  },0,0,0,0,0,0,0,0,0,0,0,2,{  },{  },{  },0,0,0,0,0,0,0,0,0,0,0,2,{  },{  },{  },0,0,0,0,0,0,{  },0,0,0,0,0,0,0,0,0,0,2,{  },{  },{  },0,0,0,{  },{  },{  },{  },0,0,0,0,0,0,0,0,0,2,{  },{  },{  },0,0,0,0,0,0,0,0,0,0,0,0
card/cvc5_bapa/fol_0000102.smt2,timeout,100.000,0,0,0,2,0,0,0,0,27,17,2,0,2,25,0,{  },0,0,0,0,0,0,0,0,0,0,1,0,72,0,0,0,21,101,111,{ integer type: 20 },"{ <unsupported>: 19, <unsupported>: 1, <unsupported>: 2, <unsupported>: 20, <unsupported>: 3, <unsupported>: 6, <unsupported>: 4, <unsupported>: 3, <unsupported>: 14, <unsupported>: 34, <unsupported>: 1, <unsupported>: 1 }",{ integer type: 18 },/Users/mahgoubyahia/fmcad26/benchmarks/card/cvc5_bapa/fol_0000102.smt2,100009,0,0,0,0,0,0,0,0,0,0,0,0,0,0,0,0,0,0,0,0,0,0,0,0,0,0,0,0,0,0,0,0,0,0,0,0,0,0,0,0,0,0,0,0,0,0,0,0,90,20,6659,6659,"{ ARITH_CONF_SIMPLEX: 14, ARITH_SPLIT_DEQ: 6, ARITH_UNATE: 1, ARITH_ROW_IMPL: 5, ARITH_LIA_STAR_NONNEGATIVE: 1, ARITH_LIA_STAR_SPLIT: 1 }","{ ArithPivotStep: 41, BvSatStep: 1, CnfStep: 93, DecisionStep: 45, LemmaStep: 19, PreprocessStep: 39, RewriteStep: 6247, SatConflictStep: 45, TheoryCheckStep: 99, TheoryFullCheckStep: 2 }",202,6,43,50,39,211,0,1,38,0,40,192,73,0,0,0,0,0,0,0,0,0,0,0,0,0,0,0,30,0,0,0,0,0,0,0,0,0,0,0,0,0,0,0,0,0,0,0,0,0,0,0,0,0,30,0,0,0,0,0,0,0,118,41,100000,0,14,0,48,0,0,23,31,24,0,0,0,0,0,0,0,0,0,0,14,0,0,0,0,{ ARITH_CONF_SIMPLEX: 14 },{  },"{ ARITH_SPLIT_DEQ: 6, ARITH_UNATE: 1, ARITH_ROW_IMPL: 5, ARITH_LIA_STAR_NONNEGATIVE: 1, ARITH_LIA_STAR_SPLIT: 1 }",22,0,0,14,99999,2,0,0,99306,0,148024,99997,0,0,0,0,0,0,0,0,29,1,0,0,0,0,0,0,0,0,0,0,2,0,247280,99255,99943,0,148024,99998,0,0,36,{  },{  },{  },0,0,0,0,0,0,0,0,0,28,0,0,0,0,0.0,13,0,72,0,0,0,0,65,14,13,0,13,0,0,0,0,0,0,0,0,0,0,0,0,0,0,0,0,0,0,0,0,0,0,0,0,0,0,0,0,0,0,0,0,0,0,0,0,0,0,0,0,0,0,0,0,0,0,0.0,0.0,0.0,0,0,0,0,0,2,{  },{  },{  },<unsupported>,0,0,0,0,0,0,2,0,0,0,0,2,0,0,0,0,0,0,0,0,0,0,0,0,2,{  },{  },{  },0,0,0,{  },0,0,0,0,0,{  },{  },{  },0,0,0,0,0,0,0,0,{  },{  },{  },0,0,120,0,0,0,0,1,0,0,2,0,0,0,0,0,0,0,2,{  },{  },{  },0,0,0,0,0,0,0,0,0,0,0,2,{  },{  },{  },0,0,0,0,0,0,0,0,0,0,0,2,{  },{  },{  },0,0,0,0,0,0,0,0,0,0,0,0,0,0,0,0,0,0,2,{  },{  },{  },0,0,0,0,0,0,21,101,111,0,0,0,{  },{  },{  },0,0,0,0,0,0,0,0,0,0,0,2,{  },{  },{  },0,0,0,0,0,0,0,0,0,0,0,2,{  },{  },{  },0,0,0,0,0,0,{  },0,0,0,0,0,0,0,0,0,0,2,{  },{  },{  },0,0,0,{  },{  },{  },{  },0,0,0,0,0,0,0,0,0,2,{  },{  },{  },0,0,0,0,0,0,0,0,0,0,0,0
card/cvc5_bapa/fol_0000103.smt2,timeout,100.000,0,0,0,2,0,0,0,0,34,17,2,0,2,32,0,{  },0,0,0,0,0,0,0,0,0,0,1,0,91,0,0,0,22,108,114,{ integer type: 20 },"{ <unsupported>: 18, <unsupported>: 1, <unsupported>: 1, <unsupported>: 2, <unsupported>: 20, <unsupported>: 2, <unsupported>: 5, <unsupported>: 5, <unsupported>: 3, <unsupported>: 14, <unsupported>: 35, <unsupported>: 1, <unsupported>: 1 }",{ integer type: 18 },/Users/mahgoubyahia/fmcad26/benchmarks/card/cvc5_bapa/fol_0000103.smt2,100009,0,0,0,0,0,0,0,0,0,0,0,0,0,0,0,0,0,0,0,0,0,0,0,0,0,0,0,0,0,0,0,0,0,0,0,0,0,0,0,0,0,0,0,0,0,0,0,0,97,22,6938,6938,"{ ARITH_CONF_SIMPLEX: 18, ARITH_SPLIT_DEQ: 8, ARITH_UNATE: 1, ARITH_ROW_IMPL: 6, ARITH_LIA_STAR_NONNEGATIVE: 1, ARITH_LIA_STAR_SPLIT: 1 }","{ ArithPivotStep: 44, BvSatStep: 1, CnfStep: 102, DecisionStep: 55, LemmaStep: 23, PreprocessStep: 39, RewriteStep: 6463, SatConflictStep: 55, TheoryCheckStep: 119, TheoryFullCheckStep: 2 }",238,6,53,47,39,234,0,1,38,0,41,210,75,0,0,0,0,0,0,0,0,0,0,0,0,0,0,0,32,0,0,0,0,0,0,0,0,0,0,0,0,0,0,0,0,0,0,0,0,0,0,0,0,0,31,0,0,0,0,0,0,0,130,53,100007,0,18,0,53,0,0,25,32,25,0,0,0,0,0,0,0,0,0,0,18,0,0,0,0,{ ARITH_CONF_SIMPLEX: 18 },{  },"{ ARITH_SPLIT_DEQ: 8, ARITH_UNATE: 1, ARITH_ROW_IMPL: 6, ARITH_LIA_STAR_NONNEGATIVE: 1, ARITH_LIA_STAR_SPLIT: 1 }",26,0,0,17,100006,2,0,0,99349,0,148772,100004,0,0,0,0,0,0,0,0,29,1,0,0,0,0,0,0,0,0,0,0,2,0,249085,100312,99954,0,148772,100005,0,0,39,{  },{  },{  },0,0,0,0,0,0,0,0,0,39,0,0,0,0,0.0,14,0,91,0,0,0,0,72,18,17,0,17,0,0,0,0,0,0,0,0,0,0,0,0,0,0,0,0,0,0,0,0,0,0,0,0,0,0,0,0,0,0,0,0,0,0,0,0,0,0,0,0,0,0,0,0,0,0,0.0,0.0,0.0,0,0,0,0,0,2,{  },{  },{  },<unsupported>,0,0,0,0,0,0,2,0,0,0,0,2,0,0,0,0,0,0,0,0,0,0,0,0,2,{  },{  },{  },0,0,0,{  },0,0,0,0,0,{  },{  },{  },0,0,0,0,0,0,0,0,{  },{  },{  },0,0,132,0,0,0,0,1,0,0,2,0,0,0,0,0,0,0,2,{  },{  },{  },0,0,0,0,0,0,0,0,0,0,0,2,{  },{  },{  },0,0,0,0,0,0,0,0,0,0,0,2,{  },{  },{  },0,0,0,0,0,0,0,0,0,0,0,0,0,0,0,0,0,0,2,{  },{  },{  },0,0,0,0,0,0,22,108,114,0,0,0,{  },{  },{  },0,0,0,0,0,0,0,0,0,0,0,2,{  },{  },{  },0,0,0,0,0,0,0,0,0,0,0,2,{  },{  },{  },0,0,0,0,0,0,{  },0,0,0,0,0,0,0,0,0,0,2,{  },{  },{  },0,0,0,{  },{  },{  },{  },0,0,0,0,0,0,0,0,0,2,{  },{  },{  },0,0,0,0,0,0,0,0,0,0,0,0
card/cvc5_bapa/fol_0000104.smt2,timeout,100.000,0,0,0,2,0,0,0,0,26,17,2,0,2,24,0,{  },0,0,0,0,0,0,0,0,0,0,1,0,74,0,0,0,20,100,106,{ integer type: 20 },"{ <unsupported>: 19, <unsupported>: 1, <unsupported>: 2, <unsupported>: 20, <unsupported>: 2, <unsupported>: 4, <unsupported>: 5, <unsupported>: 3, <unsupported>: 14, <unsupported>: 34, <unsupported>: 1, <unsupported>: 1 }",{ integer type: 18 },/Users/mahgoubyahia/fmcad26/benchmarks/card/cvc5_bapa/fol_0000104.smt2,100008,0,0,0,0,0,0,0,0,0,0,0,0,0,0,0,0,0,0,0,0,0,0,0,0,0,0,0,0,0,0,0,0,0,0,0,0,0,0,0,0,0,0,0,0,0,0,0,0,90,20,6607,6607,"{ ARITH_CONF_SIMPLEX: 14, ARITH_SPLIT_DEQ: 6, ARITH_UNATE: 1, ARITH_ROW_IMPL: 4, ARITH_LIA_STAR_NONNEGATIVE: 1, ARITH_LIA_STAR_SPLIT: 1 }","{ ArithPivotStep: 34, BvSatStep: 1, CnfStep: 92, DecisionStep: 46, LemmaStep: 18, PreprocessStep: 39, RewriteStep: 6201, SatConflictStep: 46, TheoryCheckStep: 101, TheoryFullCheckStep: 2 }",194,5,44,40,31,212,0,1,31,0,40,193,73,0,0,0,0,0,0,0,0,0,0,0,0,0,0,0,30,0,0,0,0,0,0,0,0,0,0,0,0,0,0,0,0,0,0,0,0,0,0,0,0,0,30,0,0,0,0,0,0,0,119,43,100006,0,14,0,49,0,0,22,30,24,0,0,0,0,0,0,0,0,0,0,14,0,0,0,0,{ ARITH_CONF_SIMPLEX: 14 },{  },"{ ARITH_SPLIT_DEQ: 6, ARITH_UNATE: 1, ARITH_ROW_IMPL: 4, ARITH_LIA_STAR_NONNEGATIVE: 1, ARITH_LIA_STAR_SPLIT: 1 }",22,0,0,13,100006,2,0,0,99310,0,147074,100004,0,0,0,0,0,0,0,0,29,1,0,0,0,0,0,0,0,0,0,0,2,0,245750,98675,99949,0,147074,100005,0,0,29,{  },{  },{  },0,0,0,0,0,0,0,0,0,30,0,0,0,0,0.0,13,0,74,0,0,0,0,57,14,13,0,13,0,0,0,0,0,0,0,0,0,0,0,0,0,0,0,0,0,0,0,0,0,0,0,0,0,0,0,0,0,0,0,0,0,0,0,0,0,0,0,0,0,0,0,0,0,0,0.0,0.0,0.0,0,0,0,0,0,2,{  },{  },{  },<unsupported>,0,0,0,0,0,0,2,0,0,0,0,2,0,0,0,0,0,0,0,0,0,0,0,0,2,{  },{  },{  },0,0,0,{  },0,0,0,0,0,{  },{  },{  },0,0,0,0,0,0,0,0,{  },{  },{  },0,0,121,0,0,0,0,1,0,0,2,0,0,0,0,0,0,0,2,{  },{  },{  },0,0,0,0,0,0,0,0,0,0,0,2,{  },{  },{  },0,0,0,0,0,0,0,0,0,0,0,2,{  },{  },{  },0,0,0,0,0,0,0,0,0,0,0,0,0,0,0,0,0,0,2,{  },{  },{  },0,0,0,0,0,0,20,100,106,0,0,0,{  },{  },{  },0,0,0,0,0,0,0,0,0,0,0,2,{  },{  },{  },0,0,0,0,0,0,0,0,0,0,0,2,{  },{  },{  },0,0,0,0,0,0,{  },0,0,0,0,0,0,0,0,0,0,2,{  },{  },{  },0,0,0,{  },{  },{  },{  },0,0,0,0,0,0,0,0,0,2,{  },{  },{  },0,0,0,0,0,0,0,0,0,0,0,0
card/cvc5_bapa/fol_0000105.smt2,timeout,100.000,0,0,0,2,0,0,0,0,37,17,2,0,3,34,0,{  },0,0,0,0,0,0,0,0,0,0,1,0,85,0,0,0,35,132,146,{ integer type: 20 },"{ <unsupported>: 18, <unsupported>: 1, <unsupported>: 1, <unsupported>: 2, <unsupported>: 20, <unsupported>: 3, <unsupported>: 7, <unsupported>: 4, <unsupported>: 3, <unsupported>: 14, <unsupported>: 35, <unsupported>: 1, <unsupported>: 1 }",{ integer type: 18 },/Users/mahgoubyahia/fmcad26/benchmarks/card/cvc5_bapa/fol_0000105.smt2,100008,0,0,0,0,0,0,0,0,0,0,0,0,0,0,0,0,0,0,0,0,0,0,0,0,0,0,0,0,0,0,0,0,0,0,0,0,0,0,0,0,0,0,0,0,0,0,0,0,99,22,6976,6976,"{ ARITH_CONF_SIMPLEX: 18, ARITH_SPLIT_DEQ: 9, ARITH_UNATE: 1, ARITH_ROW_IMPL: 8, ARITH_LIA_STAR_NONNEGATIVE: 1, ARITH_LIA_STAR_SPLIT: 1 }","{ ArithPivotStep: 46, BvSatStep: 1, CnfStep: 105, DecisionStep: 50, LemmaStep: 23, PreprocessStep: 39, RewriteStep: 6510, SatConflictStep: 50, TheoryCheckStep: 112, TheoryFullCheckStep: 2 }",239,6,48,46,38,281,0,1,37,0,41,239,75,0,0,0,0,0,0,0,0,0,0,0,0,0,0,0,32,0,0,0,0,0,0,0,0,0,0,0,0,0,0,0,0,0,0,0,0,0,0,0,0,0,31,0,0,0,0,0,0,0,136,57,100007,0,18,0,55,0,0,37,41,25,0,0,0,0,0,0,0,0,0,0,18,0,0,0,0,{ ARITH_CONF_SIMPLEX: 18 },{  },"{ ARITH_SPLIT_DEQ: 9, ARITH_UNATE: 1, ARITH_ROW_IMPL: 8, ARITH_LIA_STAR_NONNEGATIVE: 1, ARITH_LIA_STAR_SPLIT: 1 }",26,0,0,20,100005,2,0,0,99357,0,148340,100004,0,0,0,0,0,0,0,0,29,1,0,0,0,0,0,0,0,0,0,0,2,0,247931,99590,99955,0,148340,100005,0,0,41,{  },{  },{  },0,0,0,0,0,0,0,0,0,44,0,0,0,0,0.0,13,0,85,0,0,0,0,75,18,12,0,14,0,0,0,0,0,0,0,0,0,0,0,0,0,0,0,0,0,0,0,0,0,0,0,0,0,0,0,0,0,0,0,0,0,0,0,0,0,0,0,0,0,0,0,0,0,0,0.0,0.0,0.0,0,0,0,0,0,2,{  },{  },{  },<unsupported>,0,0,0,0,0,0,2,0,0,0,0,2,0,0,0,0,0,0,0,0,0,0,0,0,2,{  },{  },{  },0,0,0,{  },0,0,0,0,0,{  },{  },{  },0,0,0,0,0,0,0,0,{  },{  },{  },0,0,150,0,0,0,0,1,0,0,2,0,0,0,0,0,0,0,2,{  },{  },{  },0,0,0,0,0,0,0,0,0,0,0,2,{  },{  },{  },0,0,0,0,0,0,0,0,0,0,0,2,{  },{  },{  },0,0,0,0,0,0,0,0,0,0,0,0,0,0,0,0,0,0,2,{  },{  },{  },0,0,0,0,0,0,35,132,146,0,0,0,{  },{  },{  },0,0,0,0,0,0,0,0,0,0,0,2,{  },{  },{  },0,0,0,0,0,0,0,0,0,0,0,2,{  },{  },{  },0,0,0,0,0,0,{  },0,0,0,0,0,0,0,0,0,0,2,{  },{  },{  },0,0,0,{  },{  },{  },{  },0,0,0,0,0,0,0,0,0,2,{  },{  },{  },0,0,0,0,0,0,0,0,0,0,0,0
card/cvc5_bapa/fol_0000106.smt2,timeout,100.000,0,0,0,2,0,0,0,0,36,17,2,0,3,33,0,{  },0,0,0,0,0,0,0,0,0,0,1,0,89,0,0,0,34,131,141,{ integer type: 20 },"{ <unsupported>: 18, <unsupported>: 1, <unsupported>: 1, <unsupported>: 2, <unsupported>: 20, <unsupported>: 3, <unsupported>: 6, <unsupported>: 5, <unsupported>: 3, <unsupported>: 14, <unsupported>: 35, <unsupported>: 1, <unsupported>: 1 }",{ integer type: 18 },/Users/mahgoubyahia/fmcad26/benchmarks/card/cvc5_bapa/fol_0000106.smt2,100008,0,0,0,0,0,0,0,0,0,0,0,0,0,0,0,0,0,0,0,0,0,0,0,0,0,0,0,0,0,0,0,0,0,0,0,0,0,0,0,0,0,0,0,0,0,0,0,0,97,22,7045,7045,"{ ARITH_CONF_SIMPLEX: 21, ARITH_SPLIT_DEQ: 8, ARITH_UNATE: 1, ARITH_ROW_IMPL: 5, ARITH_LIA_STAR_NONNEGATIVE: 1, ARITH_LIA_STAR_SPLIT: 1 }","{ ArithPivotStep: 41, BvSatStep: 1, CnfStep: 104, DecisionStep: 53, LemmaStep: 22, PreprocessStep: 39, RewriteStep: 6577, SatConflictStep: 53, TheoryCheckStep: 116, TheoryFullCheckStep: 2 }",234,5,51,36,31,284,0,1,30,0,41,242,75,0,0,0,0,0,0,0,0,0,0,0,0,0,0,0,32,0,0,0,0,0,0,0,0,0,0,0,0,0,0,0,0,0,0,0,0,0,0,0,0,0,31,0,0,0,0,0,0,0,147,64,100006,0,21,0,58,0,0,36,38,25,0,0,0,0,0,0,0,0,0,0,21,0,0,0,0,{ ARITH_CONF_SIMPLEX: 21 },{  },"{ ARITH_SPLIT_DEQ: 8, ARITH_UNATE: 1, ARITH_ROW_IMPL: 5, ARITH_LIA_STAR_NONNEGATIVE: 1, ARITH_LIA_STAR_SPLIT: 1 }",26,0,0,16,100005,2,0,0,99328,0,147734,100004,0,0,0,0,0,0,0,0,29,1,0,0,0,0,0,0,0,0,0,0,2,0,246638,98903,99950,0,147734,100005,0,0,36,{  },{  },{  },0,0,0,0,0,0,0,0,0,46,0,0,0,0,0.0,13,0,89,0,0,0,0,67,21,17,0,19,0,0,0,0,0,0,0,0,0,0,0,0,0,0,0,0,0,0,0,0,0,0,0,0,0,0,0,0,0,0,0,0,0,0,0,0,0,0,0,0,0,0,0,0,0,0,0.0,0.0,0.0,0,0,0,0,0,2,{  },{  },{  },<unsupported>,0,0,0,0,0,0,2,0,0,0,0,2,0,0,0,0,0,0,0,0,0,0,0,0,2,{  },{  },{  },0,0,0,{  },0,0,0,0,0,{  },{  },{  },0,0,0,0,0,0,0,0,{  },{  },{  },0,0,153,0,0,0,0,1,0,0,2,0,0,0,0,0,0,0,2,{  },{  },{  },0,0,0,0,0,0,0,0,0,0,0,2,{  },{  },{  },0,0,0,0,0,0,0,0,0,0,0,2,{  },{  },{  },0,0,0,0,0,0,0,0,0,0,0,0,0,0,0,0,0,0,2,{  },{  },{  },0,0,0,0,0,0,34,131,141,0,0,0,{  },{  },{  },0,0,0,0,0,0,0,0,0,0,0,2,{  },{  },{  },0,0,0,0,0,0,0,0,0,0,0,2,{  },{  },{  },0,0,0,0,0,0,{  },0,0,0,0,0,0,0,0,0,0,2,{  },{  },{  },0,0,0,{  },{  },{  },{  },0,0,0,0,0,0,0,0,0,2,{  },{  },{  },0,0,0,0,0,0,0,0,0,0,0,0
card/cvc5_bapa/fol_0000107.smt2,timeout,100.000,0,0,0,2,0,0,0,0,27,18,2,0,1,26,0,{  },0,0,0,0,0,0,0,0,0,0,1,0,82,0,0,0,23,109,112,{ integer type: 23 },"{ <unsupported>: 22, <unsupported>: 1, <unsupported>: 2, <unsupported>: 20, <unsupported>: 2, <unsupported>: 5, <unsupported>: 3, <unsupported>: 1, <unsupported>: 16, <unsupported>: 39, <unsupported>: 1, <unsupported>: 1 }",{ integer type: 21 },/Users/mahgoubyahia/fmcad26/benchmarks/card/cvc5_bapa/fol_0000107.smt2,100010,0,0,0,0,0,0,0,0,0,0,0,0,0,0,0,0,0,0,0,0,0,0,0,0,0,0,0,0,0,0,0,0,0,0,0,0,0,0,0,0,0,0,0,0,0,0,0,0,98,23,6803,6803,"{ ARITH_CONF_SIMPLEX: 13, ARITH_SPLIT_DEQ: 7, ARITH_UNATE: 1, ARITH_ROW_IMPL: 5, ARITH_LIA_STAR_NONNEGATIVE: 1, ARITH_LIA_STAR_SPLIT: 1 }","{ ArithPivotStep: 44, BvSatStep: 1, CnfStep: 101, DecisionStep: 48, LemmaStep: 18, PreprocessStep: 44, RewriteStep: 6361, SatConflictStep: 48, TheoryCheckStep: 108, TheoryFullCheckStep: 2 }",199,5,46,32,29,234,0,1,29,0,43,212,77,0,0,0,0,0,0,0,0,0,0,0,0,0,0,0,32,0,0,0,0,0,0,0,0,0,0,0,0,0,0,0,0,0,0,0,0,0,0,0,0,0,33,0,0,0,0,0,0,0,126,54,100008,0,13,0,54,0,0,27,31,26,0,0,0,0,0,0,0,0,0,0,13,0,0,0,0,{ ARITH_CONF_SIMPLEX: 13 },{  },"{ ARITH_SPLIT_DEQ: 7, ARITH_UNATE: 1, ARITH_ROW_IMPL: 5, ARITH_LIA_STAR_NONNEGATIVE: 1, ARITH_LIA_STAR_SPLIT: 1 }",26,0,0,15,100007,2,0,0,99370,0,155690,100006,0,0,0,0,0,0,0,0,29,1,0,0,0,0,0,0,0,0,0,0,2,0,244419,88728,99958,0,155690,100007,0,0,38,{  },{  },{  },0,0,0,0,0,0,0,0,0,35,0,0,0,0,0.0,12,0,82,0,0,0,0,72,13,13,0,14,0,0,0,0,0,0,0,0,0,0,0,0,0,0,0,0,0,0,0,0,0,0,0,0,0,0,0,0,0,0,0,0,0,0,0,0,0,0,0,0,0,0,0,0,0,0,0.0,0.0,0.0,0,0,0,0,0,2,{  },{  },{  },<unsupported>,0,0,0,0,0,0,2,0,0,0,0,2,0,0,0,0,0,0,0,0,0,0,0,0,2,{  },{  },{  },0,0,0,{  },0,0,0,0,0,{  },{  },{  },0,0,0,0,0,0,0,0,{  },{  },{  },0,0,135,0,0,0,0,1,0,0,2,0,0,0,0,0,0,0,2,{  },{  },{  },0,0,0,0,0,0,0,0,0,0,0,2,{  },{  },{  },0,0,0,0,0,0,0,0,0,0,0,2,{  },{  },{  },0,0,0,0,0,0,0,0,0,0,0,0,0,0,0,0,0,0,2,{  },{  },{  },0,0,0,0,0,0,23,109,112,0,0,0,{  },{  },{  },0,0,0,0,0,0,0,0,0,0,0,2,{  },{  },{  },0,0,0,0,0,0,0,0,0,0,0,2,{  },{  },{  },0,0,0,0,0,0,{  },0,0,0,0,0,0,0,0,0,0,2,{  },{  },{  },0,0,0,{  },{  },{  },{  },0,0,0,0,0,0,0,0,0,2,{  },{  },{  },0,0,0,0,0,0,0,0,0,0,0,0
card/cvc5_bapa/fol_0000118.smt2,timeout,100.000,0,0,0,2,0,0,0,0,21,14,2,0,1,20,0,{  },0,0,0,0,0,0,0,0,0,0,1,0,55,0,0,0,14,75,81,{ integer type: 17 },"{ <unsupported>: 16, <unsupported>: 1, <unsupported>: 2, <unsupported>: 16, <unsupported>: 1, <unsupported>: 5, <unsupported>: 3, <unsupported>: 12, <unsupported>: 27, <unsupported>: 1, <unsupported>: 1 }",{ integer type: 15 },/Users/mahgoubyahia/fmcad26/benchmarks/card/cvc5_bapa/fol_0000118.smt2,100008,0,0,0,0,0,0,0,0,0,0,0,0,0,0,0,0,0,0,0,0,0,0,0,0,0,0,0,0,0,0,0,0,0,0,0,0,0,0,0,0,0,0,0,0,0,0,0,0,75,17,5047,5047,"{ ARITH_CONF_SIMPLEX: 10, ARITH_SPLIT_DEQ: 5, ARITH_UNATE: 1, ARITH_ROW_IMPL: 4, ARITH_LIA_STAR_NONNEGATIVE: 1, ARITH_LIA_STAR_SPLIT: 1 }","{ ArithPivotStep: 26, BvSatStep: 1, CnfStep: 77, DecisionStep: 34, LemmaStep: 14, PreprocessStep: 34, RewriteStep: 4725, SatConflictStep: 34, TheoryCheckStep: 78, TheoryFullCheckStep: 2 }",152,3,32,23,17,162,0,1,17,0,33,144,61,0,0,0,0,0,0,0,0,0,0,0,0,0,0,0,24,0,0,0,0,0,0,0,0,0,0,0,0,0,0,0,0,0,0,0,0,0,0,0,0,0,25,0,0,0,0,0,0,0,91,34,100006,0,10,0,38,0,0,16,22,19,0,0,0,0,0,0,0,0,0,0,10,0,0,0,0,{ ARITH_CONF_SIMPLEX: 10 },{  },"{ ARITH_SPLIT_DEQ: 5, ARITH_UNATE: 1, ARITH_ROW_IMPL: 4, ARITH_LIA_STAR_NONNEGATIVE: 1, ARITH_LIA_STAR_SPLIT: 1 }",18,0,0,12,100006,2,0,0,99349,0,99689,100005,0,0,0,0,0,0,0,0,19,1,0,0,0,0,0,0,0,0,0,0,2,0,222571,122881,99961,0,99689,100005,0,0,22,{  },{  },{  },0,0,0,0,0,0,0,0,0,23,0,0,0,0,0.0,9,0,55,0,0,0,0,43,10,9,0,9,0,0,0,0,0,0,0,0,0,0,0,0,0,0,0,0,0,0,0,0,0,0,0,0,0,0,0,0,0,0,0,0,0,0,0,0,0,0,0,0,0,0,0,0,0,0,0.0,0.0,0.0,0,0,0,0,0,2,{  },{  },{  },<unsupported>,0,0,0,0,0,0,2,0,0,0,0,2,0,0,0,0,0,0,0,0,0,0,0,0,2,{  },{  },{  },0,0,0,{  },0,0,0,0,0,{  },{  },{  },0,0,0,0,0,0,0,0,{  },{  },{  },0,0,90,0,0,0,0,1,0,0,2,0,0,0,0,0,0,0,2,{  },{  },{  },0,0,0,0,0,0,0,0,0,0,0,2,{  },{  },{  },0,0,0,0,0,0,0,0,0,0,0,2,{  },{  },{  },0,0,0,0,0,0,0,0,0,0,0,0,0,0,0,0,0,0,2,{  },{  },{  },0,0,0,0,0,0,14,75,81,0,0,0,{  },{  },{  },0,0,0,0,0,0,0,0,0,0,0,2,{  },{  },{  },0,0,0,0,0,0,0,0,0,0,0,2,{  },{  },{  },0,0,0,0,0,0,{  },0,0,0,0,0,0,0,0,0,0,2,{  },{  },{  },0,0,0,{  },{  },{  },{  },0,0,0,0,0,0,0,0,0,2,{  },{  },{  },0,0,0,0,0,0,0,0,0,0,0,0
card/cvc5_mapa/fol_0000048.smt2,timeout,100.000,0,0,0,2,0,0,0,0,3381,8,3,1042,3121,11497,1523,{  },0,0,0,0,0,0,0,0,0,0,5,0,987652,0,0,0,2098,35143,37248,{ integer type: 17 },"{ <unsupported>: 15, <unsupported>: 1, <unsupported>: 1, <unsupported>: 2, <unsupported>: 10, <unsupported>: 3, <unsupported>: 6, <unsupported>: 4, <unsupported>: 3, <unsupported>: 6, <unsupported>: 28, <unsupported>: 1, <unsupported>: 1 }",{ integer type: 15 },/Users/mahgoubyahia/fmcad26/benchmarks/card/cvc5_mapa/fol_0000048.smt2,100009,0,0,0,0,0,0,0,0,0,0,0,0,0,0,0,0,0,0,0,0,0,0,0,0,0,0,0,0,0,0,0,0,0,0,0,0,0,0,0,0,0,0,0,0,0,0,0,551,44211,19,7143986,7143986,"{ ARITH_CONF_SIMPLEX: 1401, ARITH_SPLIT_DEQ: 1971, ARITH_BB_LEMMA: 1, ARITH_DIO_CUT: 2, ARITH_UNATE: 1, ARITH_ROW_IMPL: 3, ARITH_LIA_STAR_EXISTS: 1, ARITH_LIA_STAR_NONNEGATIVE: 1, ARITH_LIA_STAR_SPLIT: 1 }","{ ArithPivotStep: 38532, BvSatStep: 1, CnfStep: 3433, DecisionStep: 494372, LemmaStep: 1058, PreprocessStep: 34, RewriteStep: 5120033, SatConflictStep: 494372, TheoryCheckStep: 988764, TheoryFullCheckStep: 5 }",171069,2,494367,15,13,1053358,0,1,12,0,29566,555236,59124,0,0,0,0,0,0,0,0,0,0,0,0,0,0,0,43,0,0,0,0,0,0,0,0,0,0,0,0,0,0,0,0,0,0,0,0,0,0,0,0,0,14776,102,0,0,0,0,0,3246,542147,13885,92979,0,1401,0,29889,0,0,3143,3155,20,0,3,0,0,2,0,2,0,90,1,1401,64703,0,1,0,{ ARITH_CONF_SIMPLEX: 1401 },{  },"{ ARITH_SPLIT_DEQ: 1971, ARITH_BB_LEMMA: 1, ARITH_DIO_CUT: 2, ARITH_UNATE: 1, ARITH_ROW_IMPL: 3, ARITH_LIA_STAR_EXISTS: 1, ARITH_LIA_STAR_NONNEGATIVE: 1, ARITH_LIA_STAR_SPLIT: 1 }",22,0,0,1981,24900,2,0,1417,19197,15,13927,19277,1,1417,1417,3642,443,51,9,8179,13,1,0,0,4,2104,1417,2960,287,0,0,0,2,1,20061,6134,19270,0,13927,19277,20,63046,38528,{  },{  },{  },1,0,0,0,0,0,0,1,0,495370,0,0,0,0,0.0,1051,0,987652,0,0,0,0,77475,1401,22,71,23,0,0,0,0,0,0,0,0,0,0,0,0,0,0,0,0,0,0,0,0,0,0,0,0,0,0,0,0,0,0,0,0,0,0,0,0,0,0,0,0,0,0,0,0,65432,0,0.0,0.0,0.0,0,0,0,0,0,2,{  },{  },{  },<unsupported>,0,0,0,0,0,0,2,0,0,0,0,2,0,0,0,0,0,0,0,0,0,0,0,0,2,{  },{  },{  },0,0,0,{  },0,0,0,0,0,{  },{  },{  },0,0,0,0,0,0,0,0,{  },{  },{  },0,0,522193,0,0,0,0,5,0,0,2,0,0,0,0,0,0,0,2,{  },{  },{  },0,0,0,0,0,0,0,0,0,0,0,2,{  },{  },{  },0,0,0,0,0,0,0,0,0,0,0,2,{  },{  },{  },0,0,0,0,0,0,0,0,0,0,0,0,0,0,0,0,0,0,2,{  },{  },{  },0,0,0,0,0,0,2098,35143,37248,0,0,0,{  },{  },{  },0,0,0,0,0,0,0,0,0,0,0,2,{  },{  },{  },0,0,0,0,0,0,0,0,0,0,0,2,{  },{  },{  },0,0,0,0,0,0,{  },0,0,0,0,0,0,0,0,0,0,2,{  },{  },{  },0,0,0,{  },{  },{  },{  },0,0,0,0,0,0,0,0,0,2,{  },{  },{  },0,0,0,0,0,0,0,0,0,0,0,0
card/cvc5_mapa/fol_0000049.smt2,timeout,100.000,0,0,0,2,0,0,0,0,3326,8,3,79,122,4164,1560,{  },0,0,0,0,0,0,0,0,0,0,3,0,1090666,0,0,0,172,34005,34184,{ integer type: 17 },"{ <unsupported>: 15, <unsupported>: 1, <unsupported>: 1, <unsupported>: 2, <unsupported>: 10, <unsupported>: 3, <unsupported>: 5, <unsupported>: 5, <unsupported>: 3, <unsupported>: 6, <unsupported>: 28, <unsupported>: 1, <unsupported>: 1 }",{ integer type: 15 },/Users/mahgoubyahia/fmcad26/benchmarks/card/cvc5_mapa/fol_0000049.smt2,100008,0,0,0,0,0,0,0,0,0,0,0,0,0,0,0,0,0,0,0,0,0,0,0,0,0,0,0,0,0,0,0,0,0,0,0,0,0,0,0,0,0,0,0,0,0,0,0,539,44347,19,7610881,7610881,"{ ARITH_CONF_SIMPLEX: 1211, ARITH_SPLIT_DEQ: 2109, ARITH_BB_LEMMA: 1, ARITH_UNATE: 1, ARITH_ROW_IMPL: 2, ARITH_LIA_STAR_EXISTS: 1, ARITH_LIA_STAR_NONNEGATIVE: 1, ARITH_LIA_STAR_SPLIT: 1 }","{ ArithPivotStep: 2704, BvSatStep: 1, CnfStep: 3378, DecisionStep: 545359, LemmaStep: 1135, PreprocessStep: 34, RewriteStep: 5417747, SatConflictStep: 545359, TheoryCheckStep: 1091833, TheoryFullCheckStep: 4 }",618323,5,545355,52,55,1154213,0,1,33,0,29566,612724,59124,0,0,0,0,0,0,0,0,0,0,0,0,0,0,0,41,0,0,0,0,0,0,0,0,0,0,0,0,0,0,0,0,0,0,0,0,0,0,0,0,0,14776,12,0,0,0,0,0,2244,579763,4010,94092,0,1211,0,33566,0,0,254,266,20,0,2,58674,0,1,1575,0,0,110,0,1211,7176,0,1,0,{ ARITH_CONF_SIMPLEX: 1211 },{  },"{ ARITH_SPLIT_DEQ: 2109, ARITH_BB_LEMMA: 1, ARITH_UNATE: 1, ARITH_ROW_IMPL: 2, ARITH_LIA_STAR_EXISTS: 1, ARITH_LIA_STAR_NONNEGATIVE: 1, ARITH_LIA_STAR_SPLIT: 1 }",22,0,0,2116,23854,2,0,1417,18228,15,13927,18306,1,1417,1417,3619,421,52,9,8179,13,1,0,0,4,2104,1417,2943,288,0,0,0,2,1,20061,6134,18299,0,13927,18306,19,7011,2700,{  },{  },{  },1,0,0,0,0,0,0,1,0,547322,0,0,0,0,0.0,1129,0,1090666,0,0,0,0,7006,1211,134,107,163,0,0,0,0,0,0,0,0,0,0,0,0,0,0,0,0,0,0,0,0,0,0,0,0,0,0,0,0,0,0,0,0,0,0,0,0,0,0,0,0,0,0,0,0,7921,0,0.0,0.0,0.0,0,0,0,0,0,2,{  },{  },{  },<unsupported>,0,0,0,0,0,0,2,0,0,0,0,2,0,0,0,0,0,0,0,0,0,0,0,0,2,{  },{  },{  },0,0,0,{  },0,0,0,0,0,{  },{  },{  },0,0,0,0,0,0,0,0,{  },{  },{  },0,0,578894,0,0,0,0,3,0,0,2,0,0,0,0,0,0,0,2,{  },{  },{  },0,0,0,0,0,0,0,0,0,0,0,2,{  },{  },{  },0,0,0,0,0,0,0,0,0,0,0,2,{  },{  },{  },0,0,0,0,0,0,0,0,0,0,0,0,0,0,0,0,0,0,2,{  },{  },{  },0,0,0,0,0,0,172,34005,34184,0,0,0,{  },{  },{  },0,0,0,0,0,0,0,0,0,0,0,2,{  },{  },{  },0,0,0,0,0,0,0,0,0,0,0,2,{  },{  },{  },0,0,0,0,0,0,{  },0,0,0,0,0,0,0,0,0,0,2,{  },{  },{  },0,0,0,{  },{  },{  },{  },0,0,0,0,0,0,0,0,0,2,{  },{  },{  },0,0,0,0,0,0,0,0,0,0,0,0
card/cvc5_mapa/fol_0000097.smt2,timeout,100.000,0,0,0,2,0,0,0,0,1395,8,3,424,1,3833,307,{  },0,0,0,0,0,0,0,0,0,0,2,0,144018,0,0,0,433,5759,6198,{ integer type: 17 },"{ <unsupported>: 16, <unsupported>: 1, <unsupported>: 2, <unsupported>: 10, <unsupported>: 1, <unsupported>: 3, <unsupported>: 4, <unsupported>: 3, <unsupported>: 6, <unsupported>: 27, <unsupported>: 1, <unsupported>: 1 }",{ integer type: 15 },/Users/mahgoubyahia/fmcad26/benchmarks/card/cvc5_mapa/fol_0000097.smt2,100000,0,0,0,0,0,0,0,0,0,0,0,0,0,0,0,0,0,0,0,0,0,0,0,0,0,0,0,0,0,0,0,0,0,0,0,0,0,0,0,0,0,0,0,0,0,0,0,470,43015,17,3773391,3773391,"{ ARITH_CONF_SIMPLEX: 606, ARITH_SPLIT_DEQ: 785, ARITH_UNATE: 1, ARITH_ROW_IMPL: 1, ARITH_LIA_STAR_EXISTS: 1, ARITH_LIA_STAR_NONNEGATIVE: 1, ARITH_LIA_STAR_SPLIT: 1 }","{ ArithPivotStep: 36901, BvSatStep: 1, CnfStep: 1445, DecisionStep: 72654, LemmaStep: 433, PreprocessStep: 34, RewriteStep: 3443399, SatConflictStep: 72654, TheoryCheckStep: 144472, TheoryFullCheckStep: 2 }",170948,2,72652,22,17,179315,0,1,16,0,29564,82862,59119,0,0,0,0,0,0,0,0,0,0,0,0,0,0,0,39,0,0,0,0,0,0,0,0,0,0,0,0,0,0,0,0,0,0,0,0,0,0,0,0,0,14775,100,0,0,0,0,0,602,92735,3411,98615,0,606,0,4028,0,0,433,1298,19,0,0,0,0,0,0,0,0,45,0,606,72192,0,0,0,{ ARITH_CONF_SIMPLEX: 606 },{  },"{ ARITH_SPLIT_DEQ: 785, ARITH_UNATE: 1, ARITH_ROW_IMPL: 1, ARITH_LIA_STAR_EXISTS: 1, ARITH_LIA_STAR_NONNEGATIVE: 1, ARITH_LIA_STAR_SPLIT: 1 }",18,0,0,790,25065,2,0,1417,19489,15,13927,19570,1,1417,1417,3567,413,50,9,8179,13,1,0,0,4,2104,1417,2913,276,0,0,0,2,1,20061,6134,19564,0,13927,19571,4,70540,36898,{  },{  },{  },1,0,0,0,0,0,0,0,0,70943,0,0,0,0,0.0,429,0,144018,0,0,0,0,71308,606,5,26,5,0,0,0,0,0,0,0,0,0,0,0,0,0,0,0,0,0,0,0,0,0,0,0,0,0,0,0,0,0,0,0,0,0,0,0,0,0,0,0,0,0,0,0,0,72287,0,0.0,0.0,0.0,0,0,0,0,0,2,{  },{  },{  },<unsupported>,0,0,0,0,0,0,2,0,0,0,0,2,0,0,0,0,0,0,0,0,0,0,0,0,2,{  },{  },{  },0,0,0,{  },0,0,0,0,0,{  },{  },{  },0,0,0,0,0,0,0,0,{  },{  },{  },0,0,77538,0,0,0,0,2,0,0,2,0,0,0,0,0,0,0,2,{  },{  },{  },0,0,0,0,0,0,0,0,0,0,0,2,{  },{  },{  },0,0,0,0,0,0,0,0,0,0,0,2,{  },{  },{  },0,0,0,0,0,0,0,0,0,0,0,0,0,0,0,0,0,0,2,{  },{  },{  },0,0,0,0,0,0,433,5759,6198,0,0,0,{  },{  },{  },0,0,0,0,0,0,0,0,0,0,0,2,{  },{  },{  },0,0,0,0,0,0,0,0,0,0,0,2,{  },{  },{  },0,0,0,0,0,0,{  },0,0,0,0,0,0,0,0,0,0,2,{  },{  },{  },0,0,0,{  },{  },{  },{  },0,0,0,0,0,0,0,0,0,2,{  },{  },{  },0,0,0,0,0,0,0,0,0,0,0,0
card/cvc5_mapa/fol_0000098.smt2,timeout,100.000,0,0,0,2,0,0,0,0,13,10,2,0,2,11,0,{  },0,0,0,0,0,0,0,0,0,0,1,0,47,0,0,0,12,50,63,{ integer type: 20 },"{ <unsupported>: 19, <unsupported>: 1, <unsupported>: 2, <unsupported>: 13, <unsupported>: 2, <unsupported>: 5, <unsupported>: 4, <unsupported>: 3, <unsupported>: 7, <unsupported>: 34, <unsupported>: 1, <unsupported>: 1 }",{ integer type: 18 },/Users/mahgoubyahia/fmcad26/benchmarks/card/cvc5_mapa/fol_0000098.smt2,100001,0,0,0,0,0,0,0,0,0,0,0,0,0,0,0,0,0,0,0,0,0,0,0,0,0,0,0,0,0,0,0,0,0,0,0,0,0,0,0,0,0,0,0,0,0,0,0,0,64,20,5223,5223,"{ ARITH_CONF_SIMPLEX: 8, ARITH_SPLIT_DEQ: 3, ARITH_UNATE: 1, ARITH_LIA_STAR_NONNEGATIVE: 1, ARITH_LIA_STAR_SPLIT: 1 }","{ ArithPivotStep: 42, BvSatStep: 1, CnfStep: 72, DecisionStep: 35, LemmaStep: 9, PreprocessStep: 39, RewriteStep: 4906, SatConflictStep: 35, TheoryCheckStep: 68, TheoryFullCheckStep: 2 }",151,4,33,40,42,106,0,1,34,0,27,88,54,0,0,0,0,0,0,0,0,0,0,0,0,0,0,0,30,0,0,0,0,0,0,0,0,0,0,0,0,0,0,0,0,0,0,0,0,0,0,0,0,0,23,0,0,0,0,0,0,0,71,17,99999,0,8,0,13,0,0,12,25,24,0,0,0,0,0,0,0,0,0,1,8,1,0,0,0,{ ARITH_CONF_SIMPLEX: 8 },{  },"{ ARITH_SPLIT_DEQ: 3, ARITH_UNATE: 1, ARITH_LIA_STAR_NONNEGATIVE: 1, ARITH_LIA_STAR_SPLIT: 1 }",22,0,0,6,99998,2,0,0,99321,0,147841,99997,0,0,0,0,0,0,0,0,22,1,0,0,0,0,0,0,0,0,0,0,2,0,246971,99129,99942,0,147841,99998,0,0,36,{  },{  },{  },0,0,0,0,0,0,0,0,0,11,0,0,0,0,0.0,7,0,47,0,0,0,0,42,8,7,0,10,0,0,0,0,0,0,0,0,0,0,0,0,0,0,0,0,0,0,0,0,0,0,0,0,0,0,0,0,0,0,0,0,0,0,0,0,0,0,0,0,0,0,0,0,1,0,0.0,0.0,0.0,0,0,0,0,0,2,{  },{  },{  },<unsupported>,0,0,0,0,0,0,2,0,0,0,0,2,0,0,0,0,0,0,0,0,0,0,0,0,2,{  },{  },{  },0,0,0,{  },0,0,0,0,0,{  },{  },{  },0,0,0,0,0,0,0,0,{  },{  },{  },0,0,52,0,0,0,0,1,0,0,2,0,0,0,0,0,0,0,2,{  },{  },{  },0,0,0,0,0,0,0,0,0,0,0,2,{  },{  },{  },0,0,0,0,0,0,0,0,0,0,0,2,{  },{  },{  },0,0,0,0,0,0,0,0,0,0,0,0,0,0,0,0,0,0,2,{  },{  },{  },0,0,0,0,0,0,12,50,63,0,0,0,{  },{  },{  },0,0,0,0,0,0,0,0,0,0,0,2,{  },{  },{  },0,0,0,0,0,0,0,0,0,0,0,2,{  },{  },{  },0,0,0,0,0,0,{  },0,0,0,0,0,0,0,0,0,0,2,{  },{  },{  },0,0,0,{  },{  },{  },{  },0,0,0,0,0,0,0,0,0,2,{  },{  },{  },0,0,0,0,0,0,0,0,0,0,0,0
card/cvc5_mapa/fol_0000099.smt2,timeout,100.000,0,0,0,2,0,0,0,0,17,12,2,0,2,15,0,{  },0,0,0,0,0,0,0,0,0,0,1,0,56,0,0,0,15,60,75,{ integer type: 23 },"{ <unsupported>: 22, <unsupported>: 1, <unsupported>: 2, <unsupported>: 15, <unsupported>: 3, <unsupported>: 7, <unsupported>: 4, <unsupported>: 3, <unsupported>: 8, <unsupported>: 40, <unsupported>: 1, <unsupported>: 1 }",{ integer type: 21 },/Users/mahgoubyahia/fmcad26/benchmarks/card/cvc5_mapa/fol_0000099.smt2,100001,0,0,0,0,0,0,0,0,0,0,0,0,0,0,0,0,0,0,0,0,0,0,0,0,0,0,0,0,0,0,0,0,0,0,0,0,0,0,0,0,0,0,0,0,0,0,0,0,76,23,6683,6683,"{ ARITH_CONF_SIMPLEX: 11, ARITH_SPLIT_DEQ: 4, ARITH_UNATE: 1, ARITH_LIA_STAR_NONNEGATIVE: 1, ARITH_LIA_STAR_SPLIT: 1 }","{ ArithPivotStep: 48, BvSatStep: 1, CnfStep: 85, DecisionStep: 41, LemmaStep: 10, PreprocessStep: 44, RewriteStep: 6315, SatConflictStep: 41, TheoryCheckStep: 78, TheoryFullCheckStep: 2 }",201,5,39,57,59,125,0,1,48,0,32,105,63,0,0,0,0,0,0,0,0,0,0,0,0,0,0,0,36,0,0,0,0,0,0,0,0,0,0,0,0,0,0,0,0,0,0,0,0,0,0,0,0,0,27,0,0,0,0,0,0,0,84,22,99999,0,11,0,15,0,0,15,30,29,0,0,0,0,0,0,0,0,0,1,11,1,0,0,0,{ ARITH_CONF_SIMPLEX: 11 },{  },"{ ARITH_SPLIT_DEQ: 4, ARITH_UNATE: 1, ARITH_LIA_STAR_NONNEGATIVE: 1, ARITH_LIA_STAR_SPLIT: 1 }",26,0,0,7,99998,2,0,0,99345,0,147627,99995,0,0,0,0,0,0,0,0,39,1,0,0,0,0,0,0,0,0,0,1,2,0,241398,93770,99948,0,147627,99998,0,1,41,{  },{  },{  },0,0,0,0,0,0,0,0,0,14,0,0,0,0,0.0,8,0,56,0,0,0,0,49,11,10,0,12,0,0,0,0,0,0,0,0,0,0,0,0,0,0,0,0,0,0,0,0,0,0,0,0,0,0,0,0,0,0,0,0,0,0,0,0,0,0,0,0,0,0,0,0,1,0,0.0,0.0,0.0,0,0,0,0,0,2,{  },{  },{  },<unsupported>,0,0,0,0,0,0,2,0,0,0,0,2,0,0,0,0,0,0,0,0,0,0,0,0,2,{  },{  },{  },0,0,0,{  },0,0,0,0,0,{  },{  },{  },0,0,0,0,0,0,0,0,{  },{  },{  },0,0,62,0,0,0,0,1,0,0,2,0,0,0,0,0,0,0,2,{  },{  },{  },0,0,0,0,0,0,0,0,0,0,0,2,{  },{  },{  },0,0,0,0,0,0,0,0,0,0,0,2,{  },{  },{  },0,0,0,0,0,0,0,0,0,0,0,0,0,0,0,0,0,0,2,{  },{  },{  },0,0,0,0,0,0,15,60,75,0,0,0,{  },{  },{  },0,0,0,0,0,0,0,0,0,0,0,2,{  },{  },{  },0,0,0,0,0,0,0,0,0,0,0,2,{  },{  },{  },0,0,0,0,0,0,{  },0,0,0,0,0,0,0,0,0,0,2,{  },{  },{  },0,0,0,{  },{  },{  },{  },0,0,0,0,0,0,0,0,0,2,{  },{  },{  },0,0,0,0,0,0,0,0,0,0,0,0
card/cvc5_mapa/fol_0000100.smt2,timeout,100.000,0,0,0,2,0,0,0,0,18,12,2,0,1,17,0,{  },0,0,0,0,0,0,0,0,0,0,1,0,55,0,0,0,15,60,75,{ integer type: 23 },"{ <unsupported>: 22, <unsupported>: 1, <unsupported>: 2, <unsupported>: 15, <unsupported>: 3, <unsupported>: 6, <unsupported>: 5, <unsupported>: 3, <unsupported>: 8, <unsupported>: 40, <unsupported>: 1, <unsupported>: 1 }",{ integer type: 21 },/Users/mahgoubyahia/fmcad26/benchmarks/card/cvc5_mapa/fol_0000100.smt2,100008,0,0,0,0,0,0,0,0,0,0,0,0,0,0,0,0,0,0,0,0,0,0,0,0,0,0,0,0,0,0,0,0,0,0,0,0,0,0,0,0,0,0,0,0,0,0,0,0,76,23,6458,6458,"{ ARITH_CONF_SIMPLEX: 12, ARITH_SPLIT_DEQ: 4, ARITH_UNATE: 1, ARITH_LIA_STAR_NONNEGATIVE: 1, ARITH_LIA_STAR_SPLIT: 1 }","{ ArithPivotStep: 56, BvSatStep: 1, CnfStep: 86, DecisionStep: 40, LemmaStep: 9, PreprocessStep: 44, RewriteStep: 6085, SatConflictStep: 40, TheoryCheckStep: 76, TheoryFullCheckStep: 2 }",192,5,38,58,56,124,0,1,49,0,32,105,63,0,0,0,0,0,0,0,0,0,0,0,0,0,0,0,36,0,0,0,0,0,0,0,0,0,0,0,0,0,0,0,0,0,0,0,0,0,0,0,0,0,27,0,0,0,0,0,0,0,84,20,100006,0,12,0,15,0,0,15,30,29,0,0,0,0,0,0,0,0,0,2,12,1,0,0,0,{ ARITH_CONF_SIMPLEX: 12 },{  },"{ ARITH_SPLIT_DEQ: 4, ARITH_UNATE: 1, ARITH_LIA_STAR_NONNEGATIVE: 1, ARITH_LIA_STAR_SPLIT: 1 }",26,0,0,7,100004,2,0,0,99338,0,148215,100001,0,0,0,0,0,0,0,0,39,1,0,0,0,0,0,0,0,0,0,1,2,0,241986,93770,99950,0,148215,100003,0,1,48,{  },{  },{  },0,0,0,0,0,0,0,0,0,15,0,0,0,0,0.0,7,0,55,0,0,0,0,55,12,9,0,10,0,0,0,0,0,0,0,0,0,0,0,0,0,0,0,0,0,0,0,0,0,0,0,0,0,0,0,0,0,0,0,0,0,0,0,0,0,0,0,0,0,0,0,0,1,0,0.0,0.0,0.0,0,0,0,0,0,2,{  },{  },{  },<unsupported>,0,0,0,0,0,0,2,0,0,0,0,2,0,0,0,0,0,0,0,0,0,0,0,0,2,{  },{  },{  },0,0,0,{  },0,0,0,0,0,{  },{  },{  },0,0,0,0,0,0,0,0,{  },{  },{  },0,0,62,0,0,0,0,1,0,0,2,0,0,0,0,0,0,0,2,{  },{  },{  },0,0,0,0,0,0,0,0,0,0,0,2,{  },{  },{  },0,0,0,0,0,0,0,0,0,0,0,2,{  },{  },{  },0,0,0,0,0,0,0,0,0,0,0,0,0,0,0,0,0,0,2,{  },{  },{  },0,0,0,0,0,0,15,60,75,0,0,0,{  },{  },{  },0,0,0,0,0,0,0,0,0,0,0,2,{  },{  },{  },0,0,0,0,0,0,0,0,0,0,0,2,{  },{  },{  },0,0,0,0,0,0,{  },0,0,0,0,0,0,0,0,0,0,2,{  },{  },{  },0,0,0,{  },{  },{  },{  },0,0,0,0,0,0,0,0,0,2,{  },{  },{  },0,0,0,0,0,0,0,0,0,0,0,0
card/cvc5_mapa/fol_0000102.smt2,timeout,100.000,0,0,0,2,0,0,0,0,15,10,2,1,1,25,0,{  },0,0,0,0,0,0,0,0,0,0,1,0,50,0,0,0,14,54,66,{ integer type: 20 },"{ <unsupported>: 19, <unsupported>: 1, <unsupported>: 2, <unsupported>: 13, <unsupported>: 3, <unsupported>: 6, <unsupported>: 4, <unsupported>: 3, <unsupported>: 7, <unsupported>: 34, <unsupported>: 1, <unsupported>: 1 }",{ integer type: 18 },/Users/mahgoubyahia/fmcad26/benchmarks/card/cvc5_mapa/fol_0000102.smt2,100001,0,0,0,0,0,0,0,0,0,0,0,0,0,0,0,0,0,0,0,0,0,0,0,0,0,0,0,0,0,0,0,0,0,0,0,0,0,0,0,0,0,0,0,0,0,0,0,0,64,20,5490,5490,"{ ARITH_CONF_SIMPLEX: 10, ARITH_SPLIT_DEQ: 3, ARITH_UNATE: 1, ARITH_LIA_STAR_NONNEGATIVE: 1, ARITH_LIA_STAR_SPLIT: 1 }","{ ArithPivotStep: 48, BvSatStep: 1, CnfStep: 74, DecisionStep: 37, LemmaStep: 9, PreprocessStep: 39, RewriteStep: 5156, SatConflictStep: 37, TheoryCheckStep: 71, TheoryFullCheckStep: 2 }",160,4,35,40,40,111,0,1,34,0,27,92,54,0,0,0,0,0,0,0,0,0,0,0,0,0,0,0,30,0,0,0,0,0,0,0,0,0,0,0,0,0,0,0,0,0,0,0,0,0,0,0,0,0,23,0,0,0,0,0,0,0,75,20,100000,0,10,0,13,0,0,14,27,24,0,0,0,0,0,0,0,0,0,0,10,1,0,0,0,{ ARITH_CONF_SIMPLEX: 10 },{  },"{ ARITH_SPLIT_DEQ: 3, ARITH_UNATE: 1, ARITH_LIA_STAR_NONNEGATIVE: 1, ARITH_LIA_STAR_SPLIT: 1 }",22,0,0,6,99998,2,0,0,99288,0,147041,99997,0,0,0,0,0,0,0,0,22,1,0,0,0,0,0,0,0,0,0,0,2,0,245365,98323,99938,0,147041,99998,0,1,43,{  },{  },{  },0,0,0,0,0,0,0,0,0,12,0,0,0,0,0.0,7,0,50,0,0,0,0,49,10,10,0,13,0,0,0,0,0,0,0,0,0,0,0,0,0,0,0,0,0,0,0,0,0,0,0,0,0,0,0,0,0,0,0,0,0,0,0,0,0,0,0,0,0,0,0,0,1,0,0.0,0.0,0.0,0,0,0,0,0,2,{  },{  },{  },<unsupported>,0,0,0,0,0,0,2,0,0,0,0,2,0,0,0,0,0,0,0,0,0,0,0,0,2,{  },{  },{  },0,0,0,{  },0,0,0,0,0,{  },{  },{  },0,0,0,0,0,0,0,0,{  },{  },{  },0,0,54,0,0,0,0,1,0,0,2,0,0,0,0,0,0,0,2,{  },{  },{  },0,0,0,0,0,0,0,0,0,0,0,2,{  },{  },{  },0,0,0,0,0,0,0,0,0,0,0,2,{  },{  },{  },0,0,0,0,0,0,0,0,0,0,0,0,0,0,0,0,0,0,2,{  },{  },{  },0,0,0,0,0,0,14,54,66,0,0,0,{  },{  },{  },0,0,0,0,0,0,0,0,0,0,0,2,{  },{  },{  },0,0,0,0,0,0,0,0,0,0,0,2,{  },{  },{  },0,0,0,0,0,0,{  },0,0,0,0,0,0,0,0,0,0,2,{  },{  },{  },0,0,0,{  },{  },{  },{  },0,0,0,0,0,0,0,0,0,2,{  },{  },{  },0,0,0,0,0,0,0,0,0,0,0,0
card/cvc5_mapa/fol_0000104.smt2,timeout,100.000,0,0,0,2,0,0,0,0,12,10,2,0,2,10,0,{  },0,0,0,0,0,0,0,0,0,0,1,0,47,0,0,0,11,49,61,{ integer type: 20 },"{ <unsupported>: 19, <unsupported>: 1, <unsupported>: 2, <unsupported>: 13, <unsupported>: 2, <unsupported>: 4, <unsupported>: 5, <unsupported>: 3, <unsupported>: 7, <unsupported>: 34, <unsupported>: 1, <unsupported>: 1 }",{ integer type: 18 },/Users/mahgoubyahia/fmcad26/benchmarks/card/cvc5_mapa/fol_0000104.smt2,100010,0,0,0,0,0,0,0,0,0,0,0,0,0,0,0,0,0,0,0,0,0,0,0,0,0,0,0,0,0,0,0,0,0,0,0,0,0,0,0,0,0,0,0,0,0,0,0,0,64,20,5222,5222,"{ ARITH_CONF_SIMPLEX: 7, ARITH_SPLIT_DEQ: 3, ARITH_UNATE: 1, ARITH_LIA_STAR_NONNEGATIVE: 1, ARITH_LIA_STAR_SPLIT: 1 }","{ ArithPivotStep: 47, BvSatStep: 1, CnfStep: 71, DecisionStep: 35, LemmaStep: 9, PreprocessStep: 39, RewriteStep: 4902, SatConflictStep: 35, TheoryCheckStep: 68, TheoryFullCheckStep: 2 }",130,3,33,28,26,106,0,1,25,0,27,88,54,0,0,0,0,0,0,0,0,0,0,0,0,0,0,0,30,0,0,0,0,0,0,0,0,0,0,0,0,0,0,0,0,0,0,0,0,0,0,0,0,0,23,0,0,0,0,0,0,0,71,17,100009,0,7,0,13,0,0,11,25,24,0,0,0,0,0,0,0,0,0,1,7,1,0,0,0,{ ARITH_CONF_SIMPLEX: 7 },{  },"{ ARITH_SPLIT_DEQ: 3, ARITH_UNATE: 1, ARITH_LIA_STAR_NONNEGATIVE: 1, ARITH_LIA_STAR_SPLIT: 1 }",22,0,0,6,100007,2,0,0,99285,0,147041,100006,0,0,0,0,0,0,0,0,22,1,0,0,0,0,0,0,0,0,0,0,2,0,245215,98173,99944,0,147041,100007,0,1,41,{  },{  },{  },0,0,0,0,0,0,0,0,0,11,0,0,0,0,0.0,7,0,47,0,0,0,0,47,7,6,0,10,0,0,0,0,0,0,0,0,0,0,0,0,0,0,0,0,0,0,0,0,0,0,0,0,0,0,0,0,0,0,0,0,0,0,0,0,0,0,0,0,0,0,0,0,1,0,0.0,0.0,0.0,0,0,0,0,0,2,{  },{  },{  },<unsupported>,0,0,0,0,0,0,2,0,0,0,0,2,0,0,0,0,0,0,0,0,0,0,0,0,2,{  },{  },{  },0,0,0,{  },0,0,0,0,0,{  },{  },{  },0,0,0,0,0,0,0,0,{  },{  },{  },0,0,52,0,0,0,0,1,0,0,2,0,0,0,0,0,0,0,2,{  },{  },{  },0,0,0,0,0,0,0,0,0,0,0,2,{  },{  },{  },0,0,0,0,0,0,0,0,0,0,0,2,{  },{  },{  },0,0,0,0,0,0,0,0,0,0,0,0,0,0,0,0,0,0,2,{  },{  },{  },0,0,0,0,0,0,11,49,61,0,0,0,{  },{  },{  },0,0,0,0,0,0,0,0,0,0,0,2,{  },{  },{  },0,0,0,0,0,0,0,0,0,0,0,2,{  },{  },{  },0,0,0,0,0,0,{  },0,0,0,0,0,0,0,0,0,0,2,{  },{  },{  },0,0,0,{  },{  },{  },{  },0,0,0,0,0,0,0,0,0,2,{  },{  },{  },0,0,0,0,0,0,0,0,0,0,0,0
card/cvc5_mapa/fol_0000106.smt2,timeout,100.000,0,0,0,2,0,0,0,0,17,10,2,0,5,12,0,{  },0,0,0,0,0,0,0,0,0,0,4,0,53,0,0,0,13,53,68,{ integer type: 20 },"{ <unsupported>: 18, <unsupported>: 1, <unsupported>: 1, <unsupported>: 2, <unsupported>: 13, <unsupported>: 3, <unsupported>: 6, <unsupported>: 5, <unsupported>: 3, <unsupported>: 7, <unsupported>: 35, <unsupported>: 1, <unsupported>: 1 }",{ integer type: 18 },/Users/mahgoubyahia/fmcad26/benchmarks/card/cvc5_mapa/fol_0000106.smt2,100002,0,0,0,0,0,0,0,0,0,0,0,0,0,0,0,0,0,0,0,0,0,0,0,0,0,0,0,0,0,0,0,0,0,0,0,0,0,0,0,0,0,0,0,0,0,0,0,0,75,22,5683,5683,"{ ARITH_CONF_SIMPLEX: 6, ARITH_SPLIT_DEQ: 5, ARITH_BB_LEMMA: 1, ARITH_DIO_CUT: 2, ARITH_UNATE: 1, ARITH_ROW_IMPL: 1, ARITH_LIA_STAR_NONNEGATIVE: 1, ARITH_LIA_STAR_SPLIT: 1 }","{ ArithPivotStep: 48, BvSatStep: 1, CnfStep: 78, DecisionStep: 41, LemmaStep: 10, PreprocessStep: 39, RewriteStep: 5293, SatConflictStep: 41, TheoryCheckStep: 109, TheoryFullCheckStep: 5 }",135,3,36,25,27,115,0,1,22,0,28,90,57,0,0,0,0,0,0,0,0,0,0,0,0,0,0,0,34,0,0,0,0,0,0,0,0,0,0,0,0,0,0,0,0,0,0,0,0,0,0,0,0,0,24,0,0,0,0,0,0,0,77,19,100000,0,6,0,12,0,0,15,27,25,0,3,0,0,2,0,2,0,0,1,6,1,0,1,0,{ ARITH_CONF_SIMPLEX: 6 },{  },"{ ARITH_SPLIT_DEQ: 5, ARITH_BB_LEMMA: 1, ARITH_DIO_CUT: 2, ARITH_UNATE: 1, ARITH_ROW_IMPL: 1, ARITH_LIA_STAR_NONNEGATIVE: 1, ARITH_LIA_STAR_SPLIT: 1 }",26,0,0,12,99998,2,0,0,99294,0,147041,99996,0,0,0,0,0,0,0,0,22,1,0,0,0,0,0,0,0,0,0,0,2,0,245330,98288,99937,0,147041,99997,0,1,41,{  },{  },{  },0,0,0,0,0,0,0,1,0,15,0,0,0,0,0.0,6,0,53,0,0,0,0,47,6,6,0,9,0,0,0,0,0,0,0,0,0,0,0,0,0,0,0,0,0,0,0,0,0,0,0,0,0,0,0,0,0,0,0,0,0,0,0,0,0,0,0,0,0,0,0,0,1,0,0.0,0.0,0.0,0,0,0,0,0,2,{  },{  },{  },<unsupported>,0,0,0,0,0,0,2,0,0,0,0,2,0,0,0,0,0,0,0,0,0,0,0,0,2,{  },{  },{  },0,0,0,{  },0,0,0,0,0,{  },{  },{  },0,0,0,0,0,0,0,0,{  },{  },{  },0,0,52,0,0,0,0,4,0,0,2,0,0,0,0,0,0,0,2,{  },{  },{  },0,0,0,0,0,0,0,0,0,0,0,2,{  },{  },{  },0,0,0,0,0,0,0,0,0,0,0,2,{  },{  },{  },0,0,0,0,0,0,0,0,0,0,0,0,0,0,0,0,0,0,2,{  },{  },{  },0,0,0,0,0,0,13,53,68,0,0,0,{  },{  },{  },0,0,0,0,0,0,0,0,0,0,0,2,{  },{  },{  },0,0,0,0,0,0,0,0,0,0,0,2,{  },{  },{  },0,0,0,0,0,0,{  },0,0,0,0,0,0,0,0,0,0,2,{  },{  },{  },0,0,0,{  },{  },{  },{  },0,0,0,0,0,0,0,0,0,2,{  },{  },{  },0,0,0,0,0,0,0,0,0,0,0,0
card/cvc5_mapa/fol_0000107.smt2,timeout,100.000,0,0,0,2,0,0,0,0,12,10,2,0,2,10,0,{  },0,0,0,0,0,0,0,0,0,0,1,0,33,0,0,0,11,38,46,{ integer type: 23 },"{ <unsupported>: 22, <unsupported>: 1, <unsupported>: 2, <unsupported>: 12, <unsupported>: 2, <unsupported>: 5, <unsupported>: 3, <unsupported>: 1, <unsupported>: 8, <unsupported>: 39, <unsupported>: 1, <unsupported>: 1 }",{ integer type: 21 },/Users/mahgoubyahia/fmcad26/benchmarks/card/cvc5_mapa/fol_0000107.smt2,100002,0,0,0,0,0,0,0,0,0,0,0,0,0,0,0,0,0,0,0,0,0,0,0,0,0,0,0,0,0,0,0,0,0,0,0,0,0,0,0,0,0,0,0,0,0,0,0,0,70,23,5177,5177,"{ ARITH_CONF_SIMPLEX: 6, ARITH_SPLIT_DEQ: 4, ARITH_UNATE: 1, ARITH_LIA_STAR_NONNEGATIVE: 1, ARITH_LIA_STAR_SPLIT: 1 }","{ ArithPivotStep: 36, BvSatStep: 1, CnfStep: 78, DecisionStep: 25, LemmaStep: 8, PreprocessStep: 44, RewriteStep: 4892, SatConflictStep: 25, TheoryCheckStep: 53, TheoryFullCheckStep: 2 }",138,5,23,49,43,87,0,1,43,0,28,62,56,0,0,0,0,0,0,0,0,0,0,0,0,0,0,0,32,0,0,0,0,0,0,0,0,0,0,0,0,0,0,0,0,0,0,0,0,0,0,0,0,0,25,0,0,0,0,0,0,0,57,15,100000,0,6,0,7,0,0,11,19,26,0,0,0,0,0,0,0,0,0,1,6,0,0,0,0,{ ARITH_CONF_SIMPLEX: 6 },{  },"{ ARITH_SPLIT_DEQ: 4, ARITH_UNATE: 1, ARITH_LIA_STAR_NONNEGATIVE: 1, ARITH_LIA_STAR_SPLIT: 1 }",26,0,0,7,99999,2,0,0,99607,0,66449,99998,0,0,0,0,0,0,0,0,21,1,0,0,0,0,0,0,0,0,0,0,2,0,97473,31023,99972,0,66449,99999,0,0,29,{  },{  },{  },0,0,0,0,0,0,0,0,0,9,0,0,0,0,0.0,6,0,33,0,0,0,0,34,6,1,0,1,0,0,0,0,0,0,0,0,0,0,0,0,0,0,0,0,0,0,0,0,0,0,0,0,0,0,0,0,0,0,0,0,0,0,0,0,0,0,0,0,0,0,0,0,0,0,0.0,0.0,0.0,0,0,0,0,0,2,{  },{  },{  },<unsupported>,0,0,0,0,0,0,2,0,0,0,0,2,0,0,0,0,0,0,0,0,0,0,0,0,2,{  },{  },{  },0,0,0,{  },0,0,0,0,0,{  },{  },{  },0,0,0,0,0,0,0,0,{  },{  },{  },0,0,36,0,0,0,0,1,0,0,2,0,0,0,0,0,0,0,2,{  },{  },{  },0,0,0,0,0,0,0,0,0,0,0,2,{  },{  },{  },0,0,0,0,0,0,0,0,0,0,0,2,{  },{  },{  },0,0,0,0,0,0,0,0,0,0,0,0,0,0,0,0,0,0,2,{  },{  },{  },0,0,0,0,0,0,11,38,46,0,0,0,{  },{  },{  },0,0,0,0,0,0,0,0,0,0,0,2,{  },{  },{  },0,0,0,0,0,0,0,0,0,0,0,2,{  },{  },{  },0,0,0,0,0,0,{  },0,0,0,0,0,0,0,0,0,0,2,{  },{  },{  },0,0,0,{  },{  },{  },{  },0,0,0,0,0,0,0,0,0,2,{  },{  },{  },0,0,0,0,0,0,0,0,0,0,0,0
